INSERT INTO person (id, name, surname, email) VALUES (1, 'Emma', 'Wilson', 'emma.wilson@example.com') ON CONFLICT (id) DO NOTHING;
INSERT INTO person (id, name, surname, email) VALUES (2, 'Liam', 'Johnson', 'liam.johnson@example.com') ON CONFLICT (id) DO NOTHING;
INSERT INTO person (id, name, surname, email) VALUES (3, 'Olivia', 'Williams', 'olivia.williams@example.com') ON CONFLICT (id) DO NOTHING;
INSERT INTO person (id, name, surname, email) VALUES (4, 'Noah', 'Brown', 'noah.brown@example.com') ON CONFLICT (id) DO NOTHING;
INSERT INTO person (id, name, surname, email) VALUES (5, 'Ava', 'Jones', 'ava.jones@example.com') ON CONFLICT (id) DO NOTHING;
INSERT INTO person (id, name, surname, email) VALUES (6, 'William', 'Garcia', 'william.garcia@example.com') ON CONFLICT (id) DO NOTHING;
INSERT INTO person (id, name, surname, email) VALUES (7, 'Sophia', 'Miller', 'sophia.miller@example.com') ON CONFLICT (id) DO NOTHING;
INSERT INTO person (id, name, surname, email) VALUES (8, 'James', 'Davis', 'james.davis@example.com') ON CONFLICT (id) DO NOTHING;
INSERT INTO person (id, name, surname, email) VALUES (9, 'Isabella', 'Rodriguez', 'isabella.rodriguez@example.com') ON CONFLICT (id) DO NOTHING;
INSERT INTO person (id, name, surname, email) VALUES (10, 'Benjamin', 'Martinez', 'benjamin.martinez@example.com') ON CONFLICT (id) DO NOTHING;
INSERT INTO person (id, name, surname, email) VALUES (11, 'Mia', 'Hernandez', 'mia.hernandez@example.com') ON CONFLICT (id) DO NOTHING;
INSERT INTO person (id, name, surname, email) VALUES (12, 'Lucas', 'Lopez', 'lucas.lopez@example.com') ON CONFLICT (id) DO NOTHING;
INSERT INTO person (id, name, surname, email) VALUES (13, 'Charlotte', 'Gonzalez', 'charlotte.gonzalez@example.com') ON CONFLICT (id) DO NOTHING;
INSERT INTO person (id, name, surname, email) VALUES (14, 'Henry', 'Wilson', 'henry.wilson@example.com') ON CONFLICT (id) DO NOTHING;
INSERT INTO person (id, name, surname, email) VALUES (15, 'Amelia', 'Anderson', 'amelia.anderson@example.com') ON CONFLICT (id) DO NOTHING;
INSERT INTO person (id, name, surname, email) VALUES (16, 'Alexander', 'Thomas', 'alexander.thomas@example.com') ON CONFLICT (id) DO NOTHING;
INSERT INTO person (id, name, surname, email) VALUES (17, 'Harper', 'Taylor', 'harper.taylor@example.com') ON CONFLICT (id) DO NOTHING;
INSERT INTO person (id, name, surname, email) VALUES (18, 'Daniel', 'Moore', 'daniel.moore@example.com') ON CONFLICT (id) DO NOTHING;
INSERT INTO person (id, name, surname, email) VALUES (19, 'Evelyn', 'Jackson', 'evelyn.jackson@example.com') ON CONFLICT (id) DO NOTHING;
INSERT INTO person (id, name, surname, email) VALUES (20, 'Matthew', 'Martin', 'matthew.martin@example.com') ON CONFLICT (id) DO NOTHING;
INSERT INTO person (id, name, surname, email) VALUES (21, 'Abigail', 'Lee', 'abigail.lee@example.com') ON CONFLICT (id) DO NOTHING;
INSERT INTO person (id, name, surname, email) VALUES (22, 'Joseph', 'Perez', 'joseph.perez@example.com') ON CONFLICT (id) DO NOTHING;
INSERT INTO person (id, name, surname, email) VALUES (23, 'Emily', 'Thompson', 'emily.thompson@example.com') ON CONFLICT (id) DO NOTHING;
INSERT INTO person (id, name, surname, email) VALUES (24, 'Samuel', 'White', 'samuel.white@example.com') ON CONFLICT (id) DO NOTHING;
INSERT INTO person (id, name, surname, email) VALUES (25, 'Elizabeth', 'Harris', 'elizabeth.harris@example.com') ON CONFLICT (id) DO NOTHING;
INSERT INTO person (id, name, surname, email) VALUES (26, 'David', 'Sanchez', 'david.sanchez@example.com') ON CONFLICT (id) DO NOTHING;
INSERT INTO person (id, name, surname, email) VALUES (27, 'Sofia', 'Clark', 'sofia.clark@example.com') ON CONFLICT (id) DO NOTHING;
INSERT INTO person (id, name, surname, email) VALUES (28, 'Jackson', 'Ramirez', 'jackson.ramirez@example.com') ON CONFLICT (id) DO NOTHING;
INSERT INTO person (id, name, surname, email) VALUES (29, 'Scarlett', 'Lewis', 'scarlett.lewis@example.com') ON CONFLICT (id) DO NOTHING;
INSERT INTO person (id, name, surname, email) VALUES (30, 'Josephine', 'Robinson', 'josephine.robinson@example.com') ON CONFLICT (id) DO NOTHING;
INSERT INTO person (id, name, surname, email) VALUES (31, 'Samuel', 'Walker', 'samuel.walker@example.com') ON CONFLICT (id) DO NOTHING;
INSERT INTO person (id, name, surname, email) VALUES (32, 'Avery', 'Young', 'avery.young@example.com') ON CONFLICT (id) DO NOTHING;
INSERT INTO person (id, name, surname, email) VALUES (33, 'David', 'Allen', 'david.allen@example.com') ON CONFLICT (id) DO NOTHING;
INSERT INTO person (id, name, surname, email) VALUES (34, 'Madison', 'King', 'madison.king@example.com') ON CONFLICT (id) DO NOTHING;
INSERT INTO person (id, name, surname, email) VALUES (35, 'Carter', 'Wright', 'carter.wright@example.com') ON CONFLICT (id) DO NOTHING;
INSERT INTO person (id, name, surname, email) VALUES (36, 'Luna', 'Scott', 'luna.scott@example.com') ON CONFLICT (id) DO NOTHING;
INSERT INTO person (id, name, surname, email) VALUES (37, 'John', 'Torres', 'john.torres@example.com') ON CONFLICT (id) DO NOTHING;
INSERT INTO person (id, name, surname, email) VALUES (38, 'Chloe', 'Hill', 'chloe.hill@example.com') ON CONFLICT (id) DO NOTHING;
INSERT INTO person (id, name, surname, email) VALUES (39, 'Luke', 'Flores', 'luke.flores@example.com') ON CONFLICT (id) DO NOTHING;
INSERT INTO person (id, name, surname, email) VALUES (40, 'Ella', 'Green', 'ella.green@example.com') ON CONFLICT (id) DO NOTHING;
INSERT INTO person (id, name, surname, email) VALUES (41, 'Christopher', 'Adams', 'christopher.adams@example.com') ON CONFLICT (id) DO NOTHING;
INSERT INTO person (id, name, surname, email) VALUES (42, 'Penelope', 'Nelson', 'penelope.nelson@example.com') ON CONFLICT (id) DO NOTHING;
INSERT INTO person (id, name, surname, email) VALUES (43, 'Isaac', 'Baker', 'isaac.baker@example.com') ON CONFLICT (id) DO NOTHING;
INSERT INTO person (id, name, surname, email) VALUES (44, 'Grace', 'Hall', 'grace.hall@example.com') ON CONFLICT (id) DO NOTHING;
INSERT INTO person (id, name, surname, email) VALUES (45, 'Andrew', 'Campbell', 'andrew.campbell@example.com') ON CONFLICT (id) DO NOTHING;
INSERT INTO person (id, name, surname, email) VALUES (46, 'Victoria', 'Mitchell', 'victoria.mitchell@example.com') ON CONFLICT (id) DO NOTHING;
INSERT INTO person (id, name, surname, email) VALUES (47, 'Dylan', 'Carter', 'dylan.carter@example.com') ON CONFLICT (id) DO NOTHING;
INSERT INTO person (id, name, surname, email) VALUES (48, 'Riley', 'Perez', 'riley.perez@example.com') ON CONFLICT (id) DO NOTHING;
INSERT INTO person (id, name, surname, email) VALUES (49, 'Nathan', 'Roberts', 'nathan.roberts@example.com') ON CONFLICT (id) DO NOTHING;
INSERT INTO person (id, name, surname, email) VALUES (50, 'Zoey', 'Turner', 'zoey.turner@example.com') ON CONFLICT (id) DO NOTHING;
INSERT INTO person (id, name, surname, email) VALUES (51, 'Julian', 'Phillips', 'julian.phillips@example.com') ON CONFLICT (id) DO NOTHING;
INSERT INTO person (id, name, surname, email) VALUES (52, 'Lily', 'Evans', 'lily.evans@example.com') ON CONFLICT (id) DO NOTHING;
INSERT INTO person (id, name, surname, email) VALUES (53, 'Levi', 'Edwards', 'levi.edwards@example.com') ON CONFLICT (id) DO NOTHING;
INSERT INTO person (id, name, surname, email) VALUES (54, 'Hannah', 'Collins', 'hannah.collins@example.com') ON CONFLICT (id) DO NOTHING;
INSERT INTO person (id, name, surname, email) VALUES (55, 'Christian', 'Stewart', 'christian.stewart@example.com') ON CONFLICT (id) DO NOTHING;
INSERT INTO person (id, name, surname, email) VALUES (56, 'Aubrey', 'Morris', 'aubrey.morris@example.com') ON CONFLICT (id) DO NOTHING;
INSERT INTO person (id, name, surname, email) VALUES (57, 'Jonathan', 'Murphy', 'jonathan.murphy@example.com') ON CONFLICT (id) DO NOTHING;
INSERT INTO person (id, name, surname, email) VALUES (58, 'Addison', 'Rivera', 'addison.rivera@example.com') ON CONFLICT (id) DO NOTHING;
INSERT INTO person (id, name, surname, email) VALUES (59, 'Caleb', 'Cook', 'caleb.cook@example.com') ON CONFLICT (id) DO NOTHING;
INSERT INTO person (id, name, surname, email) VALUES (60, 'Ellie', 'Rogers', 'ellie.rogers@example.com') ON CONFLICT (id) DO NOTHING;
INSERT INTO person (id, name, surname, email) VALUES (61, 'Ryan', 'Morgan', 'ryan.morgan@example.com') ON CONFLICT (id) DO NOTHING;
INSERT INTO person (id, name, surname, email) VALUES (62, 'Stella', 'Peterson', 'stella.peterson@example.com') ON CONFLICT (id) DO NOTHING;
INSERT INTO person (id, name, surname, email) VALUES (63, 'Thomas', 'Cooper', 'thomas.cooper@example.com') ON CONFLICT (id) DO NOTHING;
INSERT INTO person (id, name, surname, email) VALUES (64, 'Natalie', 'Reed', 'natalie.reed@example.com') ON CONFLICT (id) DO NOTHING;
INSERT INTO person (id, name, surname, email) VALUES (65, 'Dominic', 'Bailey', 'dominic.bailey@example.com') ON CONFLICT (id) DO NOTHING;
INSERT INTO person (id, name, surname, email) VALUES (66, 'Zoe', 'Bell', 'zoe.bell@example.com') ON CONFLICT (id) DO NOTHING;
INSERT INTO person (id, name, surname, email) VALUES (67, 'Charles', 'Gomez', 'charles.gomez@example.com') ON CONFLICT (id) DO NOTHING;
INSERT INTO person (id, name, surname, email) VALUES (68, 'Hazel', 'Kelly', 'hazel.kelly@example.com') ON CONFLICT (id) DO NOTHING;
INSERT INTO person (id, name, surname, email) VALUES (69, 'Isaiah', 'Howard', 'isaiah.howard@example.com') ON CONFLICT (id) DO NOTHING;
INSERT INTO person (id, name, surname, email) VALUES (70, 'Violet', 'Ward', 'violet.ward@example.com') ON CONFLICT (id) DO NOTHING;
INSERT INTO person (id, name, surname, email) VALUES (71, 'Josiah', 'Cox', 'josiah.cox@example.com') ON CONFLICT (id) DO NOTHING;
INSERT INTO person (id, name, surname, email) VALUES (72, 'Aurora', 'Diaz', 'aurora.diaz@example.com') ON CONFLICT (id) DO NOTHING;
INSERT INTO person (id, name, surname, email) VALUES (73, 'Andrew', 'Richardson', 'andrew.richardson@example.com') ON CONFLICT (id) DO NOTHING;
INSERT INTO person (id, name, surname, email) VALUES (74, 'Savannah', 'Wood', 'savannah.wood@example.com') ON CONFLICT (id) DO NOTHING;
INSERT INTO person (id, name, surname, email) VALUES (75, 'Eli', 'Watson', 'eli.watson@example.com') ON CONFLICT (id) DO NOTHING;
INSERT INTO person (id, name, surname, email) VALUES (76, 'Brooklyn', 'Brooks', 'brooklyn.brooks@example.com') ON CONFLICT (id) DO NOTHING;
INSERT INTO person (id, name, surname, email) VALUES (77, 'Jeremiah', 'Bennett', 'jeremiah.bennett@example.com') ON CONFLICT (id) DO NOTHING;
INSERT INTO person (id, name, surname, email) VALUES (78, 'Claire', 'Gray', 'claire.gray@example.com') ON CONFLICT (id) DO NOTHING;
INSERT INTO person (id, name, surname, email) VALUES (79, 'Robert', 'James', 'robert.james@example.com') ON CONFLICT (id) DO NOTHING;
INSERT INTO person (id, name, surname, email) VALUES (80, 'Paisley', 'Reyes', 'paisley.reyes@example.com') ON CONFLICT (id) DO NOTHING;
INSERT INTO person (id, name, surname, email) VALUES (81, 'Colton', 'Cruz', 'colton.cruz@example.com') ON CONFLICT (id) DO NOTHING;
INSERT INTO person (id, name, surname, email) VALUES (82, 'Eva', 'Long', 'eva.long@example.com') ON CONFLICT (id) DO NOTHING;
INSERT INTO person (id, name, surname, email) VALUES (83, 'Adrian', 'Hughes', 'adrian.hughes@example.com') ON CONFLICT (id) DO NOTHING;
INSERT INTO person (id, name, surname, email) VALUES (84, 'Skylar', 'Foster', 'skylar.foster@example.com') ON CONFLICT (id) DO NOTHING;
INSERT INTO person (id, name, surname, email) VALUES (85, 'Nolan', 'Sanders', 'nolan.sanders@example.com') ON CONFLICT (id) DO NOTHING;
INSERT INTO person (id, name, surname, email) VALUES (86, 'Naomi', 'Powell', 'naomi.powell@example.com') ON CONFLICT (id) DO NOTHING;
INSERT INTO person (id, name, surname, email) VALUES (87, 'Easton', 'Myers', 'easton.myers@example.com') ON CONFLICT (id) DO NOTHING;
INSERT INTO person (id, name, surname, email) VALUES (88, 'Ariana', 'Russell', 'ariana.russell@example.com') ON CONFLICT (id) DO NOTHING;
INSERT INTO person (id, name, surname, email) VALUES (89, 'Roman', 'Alexander', 'roman.alexander@example.com') ON CONFLICT (id) DO NOTHING;
INSERT INTO person (id, name, surname, email) VALUES (90, 'Emery', 'Griffin', 'emery.griffin@example.com') ON CONFLICT (id) DO NOTHING;
INSERT INTO person (id, name, surname, email) VALUES (91, 'Elias', 'Hayes', 'elias.hayes@example.com') ON CONFLICT (id) DO NOTHING;
INSERT INTO person (id, name, surname, email) VALUES (92, 'Piper', 'Ford', 'piper.ford@example.com') ON CONFLICT (id) DO NOTHING;
INSERT INTO person (id, name, surname, email) VALUES (93, 'Trinity', 'Hamilton', 'trinity.hamilton@example.com') ON CONFLICT (id) DO NOTHING;
INSERT INTO person (id, name, surname, email) VALUES (94, 'Greyson', 'Graham', 'greyson.graham@example.com') ON CONFLICT (id) DO NOTHING;
INSERT INTO person (id, name, surname, email) VALUES (95, 'Kinsley', 'West', 'kinsley.west@example.com') ON CONFLICT (id) DO NOTHING;
INSERT INTO person (id, name, surname, email) VALUES (96, 'Declan', 'Cole', 'declan.cole@example.com') ON CONFLICT (id) DO NOTHING;
INSERT INTO person (id, name, surname, email) VALUES (97, 'Alexa', 'Stone', 'alexa.stone@example.com') ON CONFLICT (id) DO NOTHING;
INSERT INTO person (id, name, surname, email) VALUES (98, 'Ezekiel', 'Porter', 'ezekiel.porter@example.com') ON CONFLICT (id) DO NOTHING;
INSERT INTO person (id, name, surname, email) VALUES (99, 'Delilah', 'Hunt', 'delilah.hunt@example.com') ON CONFLICT (id) DO NOTHING;
INSERT INTO person (id, name, surname, email) VALUES (100, 'Rowan', 'Black', 'rowan.black@example.com') ON CONFLICT (id) DO NOTHING;
INSERT INTO person (id, name, surname, email) VALUES (101, 'Serenity', 'Ryan', 'serenity.ryan@example.com') ON CONFLICT (id) DO NOTHING;
INSERT INTO person (id, name, surname, email) VALUES (102, 'Xavier', 'Knight', 'xavier.knight@example.com') ON CONFLICT (id) DO NOTHING;
INSERT INTO person (id, name, surname, email) VALUES (103, 'Maya', 'Palmer', 'maya.palmer@example.com') ON CONFLICT (id) DO NOTHING;
INSERT INTO person (id, name, surname, email) VALUES (104, 'Bentley', 'Holmes', 'bentley.holmes@example.com') ON CONFLICT (id) DO NOTHING;
INSERT INTO person (id, name, surname, email) VALUES (105, 'Willow', 'Washington', 'willow.washington@example.com') ON CONFLICT (id) DO NOTHING;
INSERT INTO person (id, name, surname, email) VALUES (106, 'Jace', 'Simmons', 'jace.simmons@example.com') ON CONFLICT (id) DO NOTHING;
INSERT INTO person (id, name, surname, email) VALUES (107, 'Isla', 'Mcdonald', 'isla.mcdonald@example.com') ON CONFLICT (id) DO NOTHING;
INSERT INTO person (id, name, surname, email) VALUES (108, 'Wyatt', 'Butler', 'wyatt.butler@example.com') ON CONFLICT (id) DO NOTHING;
INSERT INTO person (id, name, surname, email) VALUES (109, 'Julia', 'Wells', 'julia.wells@example.com') ON CONFLICT (id) DO NOTHING;
INSERT INTO person (id, name, surname, email) VALUES (110, 'Kayden', 'Fisher', 'kayden.fisher@example.com') ON CONFLICT (id) DO NOTHING;
INSERT INTO person (id, name, surname, email) VALUES (111, 'Eliana', 'Johnston', 'eliana.johnston@example.com') ON CONFLICT (id) DO NOTHING;
INSERT INTO person (id, name, surname, email) VALUES (112, 'Asher', 'Hawkins', 'asher.hawkins@example.com') ON CONFLICT (id) DO NOTHING;
INSERT INTO person (id, name, surname, email) VALUES (113, 'Lyla', 'Barnes', 'lyla.barnes@example.com') ON CONFLICT (id) DO NOTHING;
INSERT INTO person (id, name, surname, email) VALUES (114, 'Leo', 'Coleman', 'leo.coleman@example.com') ON CONFLICT (id) DO NOTHING;
INSERT INTO person (id, name, surname, email) VALUES (115, 'Katherine', 'Patton', 'katherine.patton@example.com') ON CONFLICT (id) DO NOTHING;
INSERT INTO person (id, name, surname, email) VALUES (116, 'Maxwell', 'Arnold', 'maxwell.arnold@example.com') ON CONFLICT (id) DO NOTHING;
INSERT INTO person (id, name, surname, email) VALUES (117, 'Adeline', 'Schmidt', 'adeline.schmidt@example.com') ON CONFLICT (id) DO NOTHING;
INSERT INTO person (id, name, surname, email) VALUES (118, 'Silas', 'Spencer', 'silas.spencer@example.com') ON CONFLICT (id) DO NOTHING;
INSERT INTO person (id, name, surname, email) VALUES (119, 'Reagan', 'Harper', 'reagan.harper@example.com') ON CONFLICT (id) DO NOTHING;
INSERT INTO person (id, name, surname, email) VALUES (120, 'August', 'Jacobs', 'august.jacobs@example.com') ON CONFLICT (id) DO NOTHING;
INSERT INTO person (id, name, surname, email) VALUES (121, 'Quinn', 'Day', 'quinn.day@example.com') ON CONFLICT (id) DO NOTHING;
INSERT INTO person (id, name, surname, email) VALUES (122, 'Sawyer', 'Ingram', 'sawyer.ingram@example.com') ON CONFLICT (id) DO NOTHING;
INSERT INTO person (id, name, surname, email) VALUES (123, 'Alaina', 'Lawrence', 'alaina.lawrence@example.com') ON CONFLICT (id) DO NOTHING;
INSERT INTO person (id, name, surname, email) VALUES (124, 'Weston', 'Weber', 'weston.weber@example.com') ON CONFLICT (id) DO NOTHING;
INSERT INTO person (id, name, surname, email) VALUES (125, 'Genevieve', 'Owens', 'genevieve.owens@example.com') ON CONFLICT (id) DO NOTHING;
INSERT INTO person (id, name, surname, email) VALUES (126, 'Emmett', 'Daniels', 'emmett.daniels@example.com') ON CONFLICT (id) DO NOTHING;
INSERT INTO person (id, name, surname, email) VALUES (127, 'Juliana', 'Bishop', 'juliana.bishop@example.com') ON CONFLICT (id) DO NOTHING;
INSERT INTO person (id, name, surname, email) VALUES (128, 'Walker', 'Riley', 'walker.riley@example.com') ON CONFLICT (id) DO NOTHING;
INSERT INTO person (id, name, surname, email) VALUES (129, 'Brielle', 'Perkins', 'brielle.perkins@example.com') ON CONFLICT (id) DO NOTHING;
INSERT INTO person (id, name, surname, email) VALUES (130, 'Jude', 'Davidson', 'jude.davidson@example.com') ON CONFLICT (id) DO NOTHING;
INSERT INTO person (id, name, surname, email) VALUES (131, 'Athena', 'Warner', 'athena.warner@example.com') ON CONFLICT (id) DO NOTHING;
INSERT INTO person (id, name, surname, email) VALUES (132, 'Braxton', 'Stanley', 'braxton.stanley@example.com') ON CONFLICT (id) DO NOTHING;
INSERT INTO person (id, name, surname, email) VALUES (133, 'Liliana', 'George', 'liliana.george@example.com') ON CONFLICT (id) DO NOTHING;
INSERT INTO person (id, name, surname, email) VALUES (134, 'Kaiden', 'Bryant', 'kaiden.bryant@example.com') ON CONFLICT (id) DO NOTHING;
INSERT INTO person (id, name, surname, email) VALUES (135, 'Adalynn', 'Chambers', 'adalynn.chambers@example.com') ON CONFLICT (id) DO NOTHING;
INSERT INTO person (id, name, surname, email) VALUES (136, 'Gael', 'Newton', 'gael.newton@example.com') ON CONFLICT (id) DO NOTHING;
INSERT INTO person (id, name, surname, email) VALUES (137, 'Kennedy', 'Douglas', 'kennedy.douglas@example.com') ON CONFLICT (id) DO NOTHING;
INSERT INTO person (id, name, surname, email) VALUES (138, 'Kingston', 'Baldwin', 'kingston.baldwin@example.com') ON CONFLICT (id) DO NOTHING;
INSERT INTO person (id, name, surname, email) VALUES (139, 'Mariah', 'Harrington', 'mariah.harrington@example.com') ON CONFLICT (id) DO NOTHING;
INSERT INTO person (id, name, surname, email) VALUES (140, 'Jonah', 'Cunningham', 'jonah.cunningham@example.com') ON CONFLICT (id) DO NOTHING;
INSERT INTO person (id, name, surname, email) VALUES (141, 'Valerie', 'Sutton', 'valerie.sutton@example.com') ON CONFLICT (id) DO NOTHING;
INSERT INTO person (id, name, surname, email) VALUES (142, 'Rhett', 'Williamson', 'rhett.williamson@example.com') ON CONFLICT (id) DO NOTHING;
INSERT INTO person (id, name, surname, email) VALUES (143, 'Brynn', 'Olson', 'brynn.olson@example.com') ON CONFLICT (id) DO NOTHING;
INSERT INTO person (id, name, surname, email) VALUES (144, 'Apollo', 'Thornton', 'apollo.thornton@example.com') ON CONFLICT (id) DO NOTHING;
INSERT INTO person (id, name, surname, email) VALUES (145, 'Ember', 'Mack', 'ember.mack@example.com') ON CONFLICT (id) DO NOTHING;
INSERT INTO person (id, name, surname, email) VALUES (146, 'Ronan', 'Dennis', 'ronan.dennis@example.com') ON CONFLICT (id) DO NOTHING;
INSERT INTO person (id, name, surname, email) VALUES (147, 'Mia', 'Garcia', 'mia.garcia@example.com') ON CONFLICT (id) DO NOTHING;


INSERT INTO study_group (id, name) VALUES (1, 'CS-01') ON CONFLICT (id) DO NOTHING;
INSERT INTO study_group (id, name) VALUES (2, 'CS-02') ON CONFLICT (id) DO NOTHING;
INSERT INTO study_group (id, name) VALUES (3, 'CS-03') ON CONFLICT (id) DO NOTHING;
INSERT INTO study_group (id, name) VALUES (4, 'CS-04') ON CONFLICT (id) DO NOTHING;
INSERT INTO study_group (id, name) VALUES (5, 'CS-05') ON CONFLICT (id) DO NOTHING;


INSERT INTO student (id, study_group_id, description, github_alias, person_id, tg_alias) VALUES (1, 3, 'I am passionate about machine learning and data analysis, with expertise in Python, pandas, and TensorFlow.', 'emwilson', 1, 'tg1') ON CONFLICT (id) DO NOTHING;
INSERT INTO student (id, study_group_id, description, github_alias, person_id, tg_alias) VALUES (2, 1, 'As an ML engineer, I specialize in Python data science stack including NumPy, scikit-learn, and data visualization.', 'liajohn', 2, 'tg2') ON CONFLICT (id) DO NOTHING;
INSERT INTO student (id, study_group_id, description, github_alias, person_id, tg_alias) VALUES (3, 4, 'I focus on backend development with Python, building robust APIs and services using Django and Flask.', 'oliwill', 3, 'tg3') ON CONFLICT (id) DO NOTHING;
INSERT INTO student (id, study_group_id, description, github_alias, person_id, tg_alias) VALUES (4, 2, 'Go backend developer specializing in high-performance web services and cloud-native applications.', 'noabrow', 4, 'tg4') ON CONFLICT (id) DO NOTHING;
INSERT INTO student (id, study_group_id, description, github_alias, person_id, tg_alias) VALUES (5, 5, 'Frontend developer creating interactive UIs with React, TypeScript, and modern CSS frameworks.', 'ava.jones', 5, 'tg5') ON CONFLICT (id) DO NOTHING;
INSERT INTO student (id, study_group_id, description, github_alias, person_id, tg_alias) VALUES (6, 3, 'ML engineer working with computer vision using OpenCV and deep learning with PyTorch.', 'will.garcia', 6, 'tg6') ON CONFLICT (id) DO NOTHING;
INSERT INTO student (id, study_group_id, description, github_alias, person_id, tg_alias) VALUES (7, 1, 'Fullstack developer building responsive web applications with React, Node.js, and Express.', 'sophia.miller', 7, 'tg7') ON CONFLICT (id) DO NOTHING;
INSERT INTO student (id, study_group_id, description, github_alias, person_id, tg_alias) VALUES (8, 4, 'Data scientist focused on statistical analysis, machine learning, and data visualization with R and Python.', 'james.davis', 8, 'tg8') ON CONFLICT (id) DO NOTHING;
INSERT INTO student (id, study_group_id, description, github_alias, person_id, tg_alias) VALUES (9, 2, 'Frontend specialist creating performant web applications with Angular and TypeScript.', 'isabella.rod', 9, 'tg9') ON CONFLICT (id) DO NOTHING;
INSERT INTO student (id, study_group_id, description, github_alias, person_id, tg_alias) VALUES (10, 5, 'Backend developer building scalable systems with Go, Gin, and cloud technologies.', 'ben.martinez', 10, 'tg10') ON CONFLICT (id) DO NOTHING;
INSERT INTO student (id, study_group_id, description, github_alias, person_id, tg_alias) VALUES (11, 3, 'Mobile developer creating cross-platform apps with Flutter and Dart.', 'mia.hernandez', 11, 'tg11') ON CONFLICT (id) DO NOTHING;
INSERT INTO student (id, study_group_id, description, github_alias, person_id, tg_alias) VALUES (12, 1, 'Java backend developer building enterprise applications with Spring Boot and Hibernate.', 'lucas.lopez', 12, 'tg12') ON CONFLICT (id) DO NOTHING;
INSERT INTO student (id, study_group_id, description, github_alias, person_id, tg_alias) VALUES (13, 4, 'Fullstack developer experienced with JavaScript/TypeScript, Node.js, and React.', 'charlotte.gonz', 13, 'tg13') ON CONFLICT (id) DO NOTHING;
INSERT INTO student (id, study_group_id, description, github_alias, person_id, tg_alias) VALUES (14, 2, 'Frontend engineer specializing in data visualization with D3.js and React.', 'henry.wilson', 14, 'tg14') ON CONFLICT (id) DO NOTHING;
INSERT INTO student (id, study_group_id, description, github_alias, person_id, tg_alias) VALUES (15, 5, 'Data engineer building ETL pipelines and data warehouses with Python and SQL.', 'amelia.anderson', 15, 'tg15') ON CONFLICT (id) DO NOTHING;
INSERT INTO student (id, study_group_id, description, github_alias, person_id, tg_alias) VALUES (16, 3, 'C# developer creating web applications with ASP.NET Core and desktop apps with Unity.', 'alexander.thomas', 16, 'tg16') ON CONFLICT (id) DO NOTHING;
INSERT INTO student (id, study_group_id, description, github_alias, person_id, tg_alias) VALUES (17, 1, 'Frontend developer focused on creating accessible UIs with Vue.js and modern CSS.', 'harper.taylor', 17, 'tg17') ON CONFLICT (id) DO NOTHING;
INSERT INTO student (id, study_group_id, description, github_alias, person_id, tg_alias) VALUES (18, 4, 'Backend engineer specializing in Java microservices and distributed systems.', 'daniel.moore', 18, 'tg18') ON CONFLICT (id) DO NOTHING;
INSERT INTO student (id, study_group_id, description, github_alias, person_id, tg_alias) VALUES (19, 2, 'Mobile developer building iOS applications with Swift and SwiftUI.', 'evelyn.jackson', 19, 'tg19') ON CONFLICT (id) DO NOTHING;
INSERT INTO student (id, study_group_id, description, github_alias, person_id, tg_alias) VALUES (20, 5, 'Go developer creating high-performance web services and concurrent systems.', 'matthew.martin', 20, 'tg20') ON CONFLICT (id) DO NOTHING;
INSERT INTO student (id, study_group_id, description, github_alias, person_id, tg_alias) VALUES (21, 3, 'Frontend engineer with expertise in React, state management, and responsive design.', 'abigail.lee', 21, 'tg21') ON CONFLICT (id) DO NOTHING;
INSERT INTO student (id, study_group_id, description, github_alias, person_id, tg_alias) VALUES (22, 1, 'Data scientist focusing on NLP and text processing with Python and scikit-learn.', 'joseph.perez', 22, 'tg22') ON CONFLICT (id) DO NOTHING;
INSERT INTO student (id, study_group_id, description, github_alias, person_id, tg_alias) VALUES (23, 4, 'ML engineer specializing in deep learning and neural networks with TensorFlow.', 'emily.thompson', 23, 'tg23') ON CONFLICT (id) DO NOTHING;
INSERT INTO student (id, study_group_id, description, github_alias, person_id, tg_alias) VALUES (24, 2, 'Python developer creating web scrapers and data processing pipelines.', 'samuel.white', 24, 'tg24') ON CONFLICT (id) DO NOTHING;
INSERT INTO student (id, study_group_id, description, github_alias, person_id, tg_alias) VALUES (25, 5, 'Fullstack developer building applications with JavaScript, Node.js, and React.', 'elizabeth.harris', 25, 'tg25') ON CONFLICT (id) DO NOTHING;
INSERT INTO student (id, study_group_id, description, github_alias, person_id, tg_alias) VALUES (26, 3, 'Backend engineer focused on Java enterprise applications and database systems.', 'david.sanchez', 26, 'tg26') ON CONFLICT (id) DO NOTHING;
INSERT INTO student (id, study_group_id, description, github_alias, person_id, tg_alias) VALUES (27, 1, 'Game developer creating interactive experiences with Unity and C#.', 'sofia.clark', 27, 'tg27') ON CONFLICT (id) DO NOTHING;
INSERT INTO student (id, study_group_id, description, github_alias, person_id, tg_alias) VALUES (28, 4, 'Rust systems programmer building secure and performant backend services.', 'jackson.ramirez', 28, 'tg28') ON CONFLICT (id) DO NOTHING;
INSERT INTO student (id, study_group_id, description, github_alias, person_id, tg_alias) VALUES (29, 2, 'Data scientist focused on predictive modeling and statistical analysis with Python.', 'scarlett.lewis', 29, 'tg29') ON CONFLICT (id) DO NOTHING;
INSERT INTO student (id, study_group_id, description, github_alias, person_id, tg_alias) VALUES (30, 5, 'Mobile developer building Android applications with Kotlin and Jetpack Compose.', 'josephine.robinson', 30, 'tg30') ON CONFLICT (id) DO NOTHING;
INSERT INTO student (id, study_group_id, description, github_alias, person_id, tg_alias) VALUES (31, 3, 'Backend developer specializing in Java microservices and cloud-native applications.', 'samuel.walker', 31, 'tg31') ON CONFLICT (id) DO NOTHING;
INSERT INTO student (id, study_group_id, description, github_alias, person_id, tg_alias) VALUES (32, 1, 'Frontend engineer creating data dashboards with React and visualization libraries.', 'avery.young', 32, 'tg32') ON CONFLICT (id) DO NOTHING;
INSERT INTO student (id, study_group_id, description, github_alias, person_id, tg_alias) VALUES (33, 4, 'Fullstack developer building web applications with Python Django and JavaScript.', 'david.allen', 33, 'tg33') ON CONFLICT (id) DO NOTHING;
INSERT INTO student (id, study_group_id, description, github_alias, person_id, tg_alias) VALUES (34, 2, 'Mobile developer creating cross-platform apps with React Native and TypeScript.', 'madison.king', 34, 'tg34') ON CONFLICT (id) DO NOTHING;
INSERT INTO student (id, study_group_id, description, github_alias, person_id, tg_alias) VALUES (35, 5, 'DevOps engineer automating infrastructure and deployment pipelines.', 'carter.wright', 35, 'tg35') ON CONFLICT (id) DO NOTHING;
INSERT INTO student (id, study_group_id, description, github_alias, person_id, tg_alias) VALUES (36, 3, 'Game developer specializing in 3D graphics and game engines like Unreal.', 'luna.scott', 36, 'tg36') ON CONFLICT (id) DO NOTHING;
INSERT INTO student (id, study_group_id, description, github_alias, person_id, tg_alias) VALUES (37, 1, 'Backend engineer building scalable systems with Java and Spring ecosystem.', 'john.torres', 37, 'tg37') ON CONFLICT (id) DO NOTHING;
INSERT INTO student (id, study_group_id, description, github_alias, person_id, tg_alias) VALUES (38, 4, 'Data scientist focused on computer vision and image processing with OpenCV.', 'chloe.hill', 38, 'tg38') ON CONFLICT (id) DO NOTHING;
INSERT INTO student (id, study_group_id, description, github_alias, person_id, tg_alias) VALUES (39, 2, 'Python developer creating web applications and RESTful APIs with Flask.', 'luke.flores', 39, 'tg39') ON CONFLICT (id) DO NOTHING;
INSERT INTO student (id, study_group_id, description, github_alias, person_id, tg_alias) VALUES (40, 5, 'Frontend engineer specializing in responsive design and modern JavaScript frameworks.', 'ella.green', 40, 'tg40') ON CONFLICT (id) DO NOTHING;
INSERT INTO student (id, study_group_id, description, github_alias, person_id, tg_alias) VALUES (41, 3, 'Backend developer building distributed systems with Go and cloud technologies.', 'christopher.adams', 41, 'tg41') ON CONFLICT (id) DO NOTHING;
INSERT INTO student (id, study_group_id, description, github_alias, person_id, tg_alias) VALUES (42, 1, 'Data analyst working with pandas, SQL, and business intelligence tools.', 'penelope.nelson', 42, 'tg42') ON CONFLICT (id) DO NOTHING;
INSERT INTO student (id, study_group_id, description, github_alias, person_id, tg_alias) VALUES (43, 4, 'Fullstack developer experienced with JavaScript, Node.js, and React applications.', 'isaac.baker', 43, 'tg43') ON CONFLICT (id) DO NOTHING;
INSERT INTO student (id, study_group_id, description, github_alias, person_id, tg_alias) VALUES (44, 2, 'Mobile developer creating native iOS apps with Swift and Core Data.', 'grace.hall', 44, 'tg44') ON CONFLICT (id) DO NOTHING;
INSERT INTO student (id, study_group_id, description, github_alias, person_id, tg_alias) VALUES (45, 5, 'Java backend engineer building enterprise applications with Jakarta EE.', 'andrew.campbell', 45, 'tg45') ON CONFLICT (id) DO NOTHING;
INSERT INTO student (id, study_group_id, description, github_alias, person_id, tg_alias) VALUES (46, 3, 'Frontend developer creating interactive UIs with Vue.js and state management.', 'victoria.mitchell', 46, 'tg46') ON CONFLICT (id) DO NOTHING;
INSERT INTO student (id, study_group_id, description, github_alias, person_id, tg_alias) VALUES (47, 1, 'Game developer specializing in 2D game development with Unity and C#.', 'dylan.carter', 47, 'tg47') ON CONFLICT (id) DO NOTHING;
INSERT INTO student (id, study_group_id, description, github_alias, person_id, tg_alias) VALUES (48, 4, 'Data engineer building data pipelines with Python and big data technologies.', 'riley.perez', 48, 'tg48') ON CONFLICT (id) DO NOTHING;
INSERT INTO student (id, study_group_id, description, github_alias, person_id, tg_alias) VALUES (49, 2, 'Backend developer creating web services with Ruby on Rails and PostgreSQL.', 'nathan.roberts', 49, 'tg49') ON CONFLICT (id) DO NOTHING;
INSERT INTO student (id, study_group_id, description, github_alias, person_id, tg_alias) VALUES (50, 5, 'Frontend engineer focused on React applications and component libraries.', 'zoey.turner', 50, 'tg50') ON CONFLICT (id) DO NOTHING;
INSERT INTO student (id, study_group_id, description, github_alias, person_id, tg_alias) VALUES (51, 3, 'ML engineer working with natural language processing and text analytics.', 'julian.phillips', 51, 'tg51') ON CONFLICT (id) DO NOTHING;
INSERT INTO student (id, study_group_id, description, github_alias, person_id, tg_alias) VALUES (52, 1, 'Fullstack developer building applications with TypeScript, React, and Node.js.', 'lily.evans', 52, 'tg52') ON CONFLICT (id) DO NOTHING;
INSERT INTO student (id, study_group_id, description, github_alias, person_id, tg_alias) VALUES (53, 4, 'Backend engineer specializing in high-performance systems with Rust.', 'levi.edwards', 53, 'tg53') ON CONFLICT (id) DO NOTHING;
INSERT INTO student (id, study_group_id, description, github_alias, person_id, tg_alias) VALUES (54, 2, 'Data scientist focused on time series analysis and forecasting models.', 'hannah.collins', 54, 'tg54') ON CONFLICT (id) DO NOTHING;
INSERT INTO student (id, study_group_id, description, github_alias, person_id, tg_alias) VALUES (55, 5, 'C# developer creating enterprise applications with ASP.NET Core and EF.', 'christian.stewart', 55, 'tg55') ON CONFLICT (id) DO NOTHING;
INSERT INTO student (id, study_group_id, description, github_alias, person_id, tg_alias) VALUES (56, 3, 'Frontend engineer building design systems and component libraries.', 'aubrey.morris', 56, 'tg56') ON CONFLICT (id) DO NOTHING;
INSERT INTO student (id, study_group_id, description, github_alias, person_id, tg_alias) VALUES (57, 1, 'DevOps engineer automating cloud infrastructure and CI/CD pipelines.', 'jonathan.murphy', 57, 'tg57') ON CONFLICT (id) DO NOTHING;
INSERT INTO student (id, study_group_id, description, github_alias, person_id, tg_alias) VALUES (58, 4, 'Mobile developer creating cross-platform apps with Flutter and Dart.', 'addison.rivera', 58, 'tg58') ON CONFLICT (id) DO NOTHING;
INSERT INTO student (id, study_group_id, description, github_alias, person_id, tg_alias) VALUES (59, 2, 'Python developer focused on data analysis and scientific computing.', 'caleb.cook', 59, 'tg59') ON CONFLICT (id) DO NOTHING;
INSERT INTO student (id, study_group_id, description, github_alias, person_id, tg_alias) VALUES (60, 5, 'Fullstack developer building web applications with JavaScript and modern frameworks.', 'ellie.rogers', 60, 'tg60') ON CONFLICT (id) DO NOTHING;
INSERT INTO student (id, study_group_id, description, github_alias, person_id, tg_alias) VALUES (61, 3, 'Backend engineer creating RESTful APIs with Java and Spring Boot.', 'ryan.morgan', 61, 'tg61') ON CONFLICT (id) DO NOTHING;
INSERT INTO student (id, study_group_id, description, github_alias, person_id, tg_alias) VALUES (62, 1, 'Data visualization specialist working with D3.js and React.', 'stella.peterson', 62, 'tg62') ON CONFLICT (id) DO NOTHING;
INSERT INTO student (id, study_group_id, description, github_alias, person_id, tg_alias) VALUES (63, 4, 'Game developer creating 3D experiences with Unity and C#.', 'thomas.cooper', 63, 'tg63') ON CONFLICT (id) DO NOTHING;
INSERT INTO student (id, study_group_id, description, github_alias, person_id, tg_alias) VALUES (64, 2, 'Frontend engineer focused on accessibility and responsive web design.', 'natalie.reed', 64, 'tg64') ON CONFLICT (id) DO NOTHING;
INSERT INTO student (id, study_group_id, description, github_alias, person_id, tg_alias) VALUES (65, 5, 'Backend developer building distributed systems with Scala and Akka.', 'dominic.bailey', 65, 'tg65') ON CONFLICT (id) DO NOTHING;
INSERT INTO student (id, study_group_id, description, github_alias, person_id, tg_alias) VALUES (66, 3, 'Mobile developer creating native Android apps with Kotlin and Jetpack.', 'zoe.bell', 66, 'tg66') ON CONFLICT (id) DO NOTHING;
INSERT INTO student (id, study_group_id, description, github_alias, person_id, tg_alias) VALUES (67, 1, 'Data engineer building real-time data pipelines with Python and Kafka.', 'charles.gomez', 67, 'tg67') ON CONFLICT (id) DO NOTHING;
INSERT INTO student (id, study_group_id, description, github_alias, person_id, tg_alias) VALUES (68, 4, 'Fullstack developer experienced with JavaScript, React, and Node.js.', 'hazel.kelly', 68, 'tg68') ON CONFLICT (id) DO NOTHING;
INSERT INTO student (id, study_group_id, description, github_alias, person_id, tg_alias) VALUES (69, 2, 'Rust systems programmer focused on safety and performance.', 'isaiah.howard', 69, 'tg69') ON CONFLICT (id) DO NOTHING;
INSERT INTO student (id, study_group_id, description, github_alias, person_id, tg_alias) VALUES (70, 5, 'Frontend engineer creating interactive data visualizations and dashboards.', 'violet.ward', 70, 'tg70') ON CONFLICT (id) DO NOTHING;
INSERT INTO student (id, study_group_id, description, github_alias, person_id, tg_alias) VALUES (71, 3, 'Backend developer building web services with Python and FastAPI.', 'josiah.cox', 71, 'tg71') ON CONFLICT (id) DO NOTHING;
INSERT INTO student (id, study_group_id, description, github_alias, person_id, tg_alias) VALUES (72, 1, 'ML engineer specializing in recommendation systems and personalization.', 'aurora.diaz', 72, 'tg72') ON CONFLICT (id) DO NOTHING;
INSERT INTO student (id, study_group_id, description, github_alias, person_id, tg_alias) VALUES (73, 4, 'Java backend engineer creating microservices with Micronaut.', 'andrew.richardson', 73, 'tg73') ON CONFLICT (id) DO NOTHING;
INSERT INTO student (id, study_group_id, description, github_alias, person_id, tg_alias) VALUES (74, 2, 'Data scientist focused on statistical modeling and hypothesis testing.', 'savannah.wood', 74, 'tg74') ON CONFLICT (id) DO NOTHING;
INSERT INTO student (id, study_group_id, description, github_alias, person_id, tg_alias) VALUES (75, 5, 'Mobile developer building iOS apps with Swift and CoreML.', 'eli.watson', 75, 'tg75') ON CONFLICT (id) DO NOTHING;
INSERT INTO student (id, study_group_id, description, github_alias, person_id, tg_alias) VALUES (76, 3, 'Frontend engineer creating component libraries and design systems.', 'brooklyn.brooks', 76, 'tg76') ON CONFLICT (id) DO NOTHING;
INSERT INTO student (id, study_group_id, description, github_alias, person_id, tg_alias) VALUES (77, 1, 'Backend developer specializing in Ruby on Rails and PostgreSQL.', 'jeremiah.bennett', 77, 'tg77') ON CONFLICT (id) DO NOTHING;
INSERT INTO student (id, study_group_id, description, github_alias, person_id, tg_alias) VALUES (78, 4, 'Data analyst working with SQL, pandas, and business intelligence tools.', 'claire.gray', 78, 'tg78') ON CONFLICT (id) DO NOTHING;
INSERT INTO student (id, study_group_id, description, github_alias, person_id, tg_alias) VALUES (79, 2, 'Game developer creating 2D games with Unity and C#.', 'robert.james', 79, 'tg79') ON CONFLICT (id) DO NOTHING;
INSERT INTO student (id, study_group_id, description, github_alias, person_id, tg_alias) VALUES (80, 5, 'Fullstack developer building applications with TypeScript and React.', 'paisley.reyes', 80, 'tg80') ON CONFLICT (id) DO NOTHING;
INSERT INTO student (id, study_group_id, description, github_alias, person_id, tg_alias) VALUES (81, 3, 'Backend engineer focused on distributed systems with Go.', 'colton.cruz', 81, 'tg81') ON CONFLICT (id) DO NOTHING;
INSERT INTO student (id, study_group_id, description, github_alias, person_id, tg_alias) VALUES (82, 1, 'DevOps engineer automating infrastructure with Terraform and Kubernetes.', 'eva.long', 82, 'tg82') ON CONFLICT (id) DO NOTHING;
INSERT INTO student (id, study_group_id, description, github_alias, person_id, tg_alias) VALUES (83, 4, 'Frontend developer creating responsive UIs with React and CSS-in-JS.', 'adrian.hughes', 83, 'tg83') ON CONFLICT (id) DO NOTHING;
INSERT INTO student (id, study_group_id, description, github_alias, person_id, tg_alias) VALUES (84, 2, 'Data scientist focused on computer vision and image recognition.', 'skylar.foster', 84, 'tg84') ON CONFLICT (id) DO NOTHING;
INSERT INTO student (id, study_group_id, description, github_alias, person_id, tg_alias) VALUES (85, 5, 'Java backend engineer building high-performance services.', 'nolan.sanders', 85, 'tg85') ON CONFLICT (id) DO NOTHING;
INSERT INTO student (id, study_group_id, description, github_alias, person_id, tg_alias) VALUES (86, 3, 'Mobile developer creating cross-platform apps with React Native.', 'naomi.powell', 86, 'tg86') ON CONFLICT (id) DO NOTHING;
INSERT INTO student (id, study_group_id, description, github_alias, person_id, tg_alias) VALUES (87, 1, 'Python developer focused on web scraping and data extraction.', 'easton.myers', 87, 'tg87') ON CONFLICT (id) DO NOTHING;
INSERT INTO student (id, study_group_id, description, github_alias, person_id, tg_alias) VALUES (88, 4, 'Fullstack developer building applications with Vue.js and Node.js.', 'ariana.russell', 88, 'tg88') ON CONFLICT (id) DO NOTHING;
INSERT INTO student (id, study_group_id, description, github_alias, person_id, tg_alias) VALUES (89, 2, 'Backend engineer specializing in C++ systems programming.', 'roman.alexander', 89, 'tg89') ON CONFLICT (id) DO NOTHING;
INSERT INTO student (id, study_group_id, description, github_alias, person_id, tg_alias) VALUES (90, 5, 'Frontend engineer creating data-intensive applications with React.', 'emery.griffin', 90, 'tg90') ON CONFLICT (id) DO NOTHING;
INSERT INTO student (id, study_group_id, description, github_alias, person_id, tg_alias) VALUES (91, 3, 'ML engineer working with deep learning and neural networks.', 'elias.hayes', 91, 'tg91') ON CONFLICT (id) DO NOTHING;
INSERT INTO student (id, study_group_id, description, github_alias, person_id, tg_alias) VALUES (92, 1, 'Game developer specializing in gameplay programming and physics.', 'piper.ford', 92, 'tg92') ON CONFLICT (id) DO NOTHING;
INSERT INTO student (id, study_group_id, description, github_alias, person_id, tg_alias) VALUES (93, 4, 'Data engineer building data warehouses and ETL pipelines.', 'trinity.hamilton', 93, 'tg93') ON CONFLICT (id) DO NOTHING;
INSERT INTO student (id, study_group_id, description, github_alias, person_id, tg_alias) VALUES (94, 2, 'Backend developer creating web services with Java and Spring.', 'greyson.graham', 94, 'tg94') ON CONFLICT (id) DO NOTHING;
INSERT INTO student (id, study_group_id, description, github_alias, person_id, tg_alias) VALUES (95, 5, 'Mobile developer building Android apps with Kotlin Coroutines.', 'kinsley.west', 95, 'tg95') ON CONFLICT (id) DO NOTHING;
INSERT INTO student (id, study_group_id, description, github_alias, person_id, tg_alias) VALUES (96, 3, 'Fullstack developer experienced with JavaScript, React, and Node.js.', 'declan.cole', 96, 'tg96') ON CONFLICT (id) DO NOTHING;
INSERT INTO student (id, study_group_id, description, github_alias, person_id, tg_alias) VALUES (97, 1, 'Data scientist focused on experimental design and A/B testing.', 'alexa.stone', 97, 'tg97') ON CONFLICT (id) DO NOTHING;
INSERT INTO student (id, study_group_id, description, github_alias, person_id, tg_alias) VALUES (98, 4, 'Rust developer building secure and efficient backend services.', 'ezekiel.porter', 98, 'tg98') ON CONFLICT (id) DO NOTHING;
INSERT INTO student (id, study_group_id, description, github_alias, person_id, tg_alias) VALUES (99, 2, 'Frontend engineer creating design systems and UI components.', 'delilah.hunt', 99, 'tg99') ON CONFLICT (id) DO NOTHING;
INSERT INTO student (id, study_group_id, description, github_alias, person_id, tg_alias) VALUES (100, 5, 'Backend developer specializing in Python and asynchronous programming.', 'rowan.black', 100, 'tg100') ON CONFLICT (id) DO NOTHING;
INSERT INTO student (id, study_group_id, description, github_alias, person_id, tg_alias) VALUES (101, 3, 'ML engineer working with time series forecasting and anomaly detection.', 'serenity.ryan', 101, 'tg101') ON CONFLICT (id) DO NOTHING;
INSERT INTO student (id, study_group_id, description, github_alias, person_id, tg_alias) VALUES (102, 1, 'Game developer creating VR experiences with Unity and C#.', 'xavier.knight', 102, 'tg102') ON CONFLICT (id) DO NOTHING;
INSERT INTO student (id, study_group_id, description, github_alias, person_id, tg_alias) VALUES (103, 4, 'Data visualization specialist working with D3.js and React.', 'maya.palmer', 103, 'tg103') ON CONFLICT (id) DO NOTHING;
INSERT INTO student (id, study_group_id, description, github_alias, person_id, tg_alias) VALUES (104, 2, 'Fullstack developer building applications with Angular and Node.js.', 'bentley.holmes', 104, 'tg104') ON CONFLICT (id) DO NOTHING;
INSERT INTO student (id, study_group_id, description, github_alias, person_id, tg_alias) VALUES (105, 5, 'Backend engineer focused on Java concurrency and performance.', 'willow.washington', 105, 'tg105') ON CONFLICT (id) DO NOTHING;
INSERT INTO student (id, study_group_id, description, github_alias, person_id, tg_alias) VALUES (106, 3, 'DevOps engineer automating cloud deployments and infrastructure.', 'jace.simmons', 106, 'tg106') ON CONFLICT (id) DO NOTHING;
INSERT INTO student (id, study_group_id, description, github_alias, person_id, tg_alias) VALUES (107, 1, 'Mobile developer creating native iOS apps with SwiftUI.', 'isla.mcdonald', 107, 'tg107') ON CONFLICT (id) DO NOTHING;
INSERT INTO student (id, study_group_id, description, github_alias, person_id, tg_alias) VALUES (108, 4, 'Python developer focused on data analysis and scientific computing.', 'wyatt.butler', 108, 'tg108') ON CONFLICT (id) DO NOTHING;
INSERT INTO student (id, study_group_id, description, github_alias, person_id, tg_alias) VALUES (109, 2, 'Frontend engineer creating accessible and responsive web applications.', 'julia.wells', 109, 'tg109') ON CONFLICT (id) DO NOTHING;
INSERT INTO student (id, study_group_id, description, github_alias, person_id, tg_alias) VALUES (110, 5, 'Backend developer building RESTful APIs with Go and Gin.', 'kayden.fisher', 110, 'tg110') ON CONFLICT (id) DO NOTHING;
INSERT INTO student (id, study_group_id, description, github_alias, person_id, tg_alias) VALUES (111, 3, 'Data scientist focused on NLP and text classification models.', 'eliana.johnston', 111, 'tg111') ON CONFLICT (id) DO NOTHING;
INSERT INTO student (id, study_group_id, description, github_alias, person_id, tg_alias) VALUES (112, 1, 'Game developer specializing in multiplayer game systems.', 'asher.hawkins', 112, 'tg112') ON CONFLICT (id) DO NOTHING;
INSERT INTO student (id, study_group_id, description, github_alias, person_id, tg_alias) VALUES (113, 4, 'Fullstack developer experienced with React, Node.js, and databases.', 'lyla.barnes', 113, 'tg113') ON CONFLICT (id) DO NOTHING;
INSERT INTO student (id, study_group_id, description, github_alias, person_id, tg_alias) VALUES (114, 2, 'Backend engineer building microservices with Java and Spring Boot.', 'leo.coleman', 114, 'tg114') ON CONFLICT (id) DO NOTHING;
INSERT INTO student (id, study_group_id, description, github_alias, person_id, tg_alias) VALUES (115, 5, 'ML engineer working with reinforcement learning and AI systems.', 'katherine.patton', 115, 'tg115') ON CONFLICT (id) DO NOTHING;
INSERT INTO student (id, study_group_id, description, github_alias, person_id, tg_alias) VALUES (116, 3, 'Frontend developer creating interactive data dashboards.', 'maxwell.arnold', 116, 'tg116') ON CONFLICT (id) DO NOTHING;
INSERT INTO student (id, study_group_id, description, github_alias, person_id, tg_alias) VALUES (117, 1, 'Data engineer building real-time streaming pipelines.', 'adeline.schmidt', 117, 'tg117') ON CONFLICT (id) DO NOTHING;
INSERT INTO student (id, study_group_id, description, github_alias, person_id, tg_alias) VALUES (118, 4, 'Rust systems programmer focused on network applications.', 'silas.spencer', 118, 'tg118') ON CONFLICT (id) DO NOTHING;
INSERT INTO student (id, study_group_id, description, github_alias, person_id, tg_alias) VALUES (119, 2, 'Mobile developer creating hybrid apps with Flutter and Dart.', 'reagan.harper', 119, 'tg119') ON CONFLICT (id) DO NOTHING;
INSERT INTO student (id, study_group_id, description, github_alias, person_id, tg_alias) VALUES (120, 5, 'Backend developer building scalable services with Python and FastAPI.', 'august.jacobs', 120, 'tg120') ON CONFLICT (id) DO NOTHING;
INSERT INTO student (id, study_group_id, description, github_alias, person_id, tg_alias) VALUES (121, 3, 'Fullstack developer experienced with Vue.js and Node.js.', 'quinn.day', 121, 'tg121') ON CONFLICT (id) DO NOTHING;
INSERT INTO student (id, study_group_id, description, github_alias, person_id, tg_alias) VALUES (122, 1, 'Data scientist focused on experimental design and statistical analysis.', 'sawyer.ingram', 122, 'tg122') ON CONFLICT (id) DO NOTHING;
INSERT INTO student (id, study_group_id, description, github_alias, person_id, tg_alias) VALUES (123, 4, 'Game developer creating 2D platformers with Unity.', 'alaina.lawrence', 123, 'tg123') ON CONFLICT (id) DO NOTHING;
INSERT INTO student (id, study_group_id, description, github_alias, person_id, tg_alias) VALUES (124, 2, 'Frontend engineer building component libraries and design systems.', 'weston.weber', 124, 'tg124') ON CONFLICT (id) DO NOTHING;
INSERT INTO student (id, study_group_id, description, github_alias, person_id, tg_alias) VALUES (125, 5, 'Backend developer specializing in Java concurrency and performance.', 'genevieve.owens', 125, 'tg125') ON CONFLICT (id) DO NOTHING;
INSERT INTO student (id, study_group_id, description, github_alias, person_id, tg_alias) VALUES (126, 3, 'DevOps engineer automating infrastructure with Ansible and Docker.', 'emmett.daniels', 126, 'tg126') ON CONFLICT (id) DO NOTHING;
INSERT INTO student (id, study_group_id, description, github_alias, person_id, tg_alias) VALUES (127, 1, 'Data analyst working with SQL, pandas, and visualization tools.', 'juliana.bishop', 127, 'tg127') ON CONFLICT (id) DO NOTHING;
INSERT INTO student (id, study_group_id, description, github_alias, person_id, tg_alias) VALUES (128, 4, 'Mobile developer creating cross-platform apps with React Native.', 'walker.riley', 128, 'tg128') ON CONFLICT (id) DO NOTHING;
INSERT INTO student (id, study_group_id, description, github_alias, person_id, tg_alias) VALUES (129, 2, 'Python developer focused on web applications and RESTful APIs.', 'brielle.perkins', 129, 'tg129') ON CONFLICT (id) DO NOTHING;
INSERT INTO student (id, study_group_id, description, github_alias, person_id, tg_alias) VALUES (130, 5, 'Backend engineer building distributed systems with Go.', 'jude.davidson', 130, 'tg130') ON CONFLICT (id) DO NOTHING;
INSERT INTO student (id, study_group_id, description, github_alias, person_id, tg_alias) VALUES (131, 3, 'ML engineer working with computer vision and image recognition.', 'athena.warner', 131, 'tg131') ON CONFLICT (id) DO NOTHING;
INSERT INTO student (id, study_group_id, description, github_alias, person_id, tg_alias) VALUES (132, 1, 'Game developer specializing in game physics and mechanics.', 'braxton.stanley', 132, 'tg132') ON CONFLICT (id) DO NOTHING;
INSERT INTO student (id, study_group_id, description, github_alias, person_id, tg_alias) VALUES (133, 4, 'Fullstack developer building applications with React and Node.js.', 'liliana.george', 133, 'tg133') ON CONFLICT (id) DO NOTHING;
INSERT INTO student (id, study_group_id, description, github_alias, person_id, tg_alias) VALUES (134, 2, 'Data scientist focused on time series forecasting and analysis.', 'kaiden.bryant', 134, 'tg134') ON CONFLICT (id) DO NOTHING;
INSERT INTO student (id, study_group_id, description, github_alias, person_id, tg_alias) VALUES (135, 5, 'Backend engineer creating high-performance services with Rust.', 'adalynn.chambers', 135, 'tg135') ON CONFLICT (id) DO NOTHING;
INSERT INTO student (id, study_group_id, description, github_alias, person_id, tg_alias) VALUES (136, 3, 'Frontend engineer creating responsive and accessible web UIs.', 'gael.newton', 136, 'tg136') ON CONFLICT (id) DO NOTHING;
INSERT INTO student (id, study_group_id, description, github_alias, person_id, tg_alias) VALUES (137, 1, 'Mobile developer building Android apps with Kotlin and Jetpack.', 'kennedy.douglas', 137, 'tg137') ON CONFLICT (id) DO NOTHING;
INSERT INTO student (id, study_group_id, description, github_alias, person_id, tg_alias) VALUES (138, 4, 'Python developer focused on data processing and analysis.', 'kingston.baldwin', 138, 'tg138') ON CONFLICT (id) DO NOTHING;
INSERT INTO student (id, study_group_id, description, github_alias, person_id, tg_alias) VALUES (139, 2, 'Game developer creating 3D experiences with Unreal Engine.', 'mariah.harrington', 139, 'tg139') ON CONFLICT (id) DO NOTHING;
INSERT INTO student (id, study_group_id, description, github_alias, person_id, tg_alias) VALUES (140, 5, 'Backend developer building RESTful APIs with Java Spring.', 'jonah.cunningham', 140, 'tg140') ON CONFLICT (id) DO NOTHING;
INSERT INTO student (id, study_group_id, description, github_alias, person_id, tg_alias) VALUES (141, 3, 'Data visualization specialist working with D3.js and React.', 'valerie.sutton', 141, 'tg141') ON CONFLICT (id) DO NOTHING;
INSERT INTO student (id, study_group_id, description, github_alias, person_id, tg_alias) VALUES (142, 1, 'DevOps engineer automating cloud infrastructure and deployments.', 'rhett.williamson', 142, 'tg142') ON CONFLICT (id) DO NOTHING;
INSERT INTO student (id, study_group_id, description, github_alias, person_id, tg_alias) VALUES (143, 4, 'Fullstack developer experienced with Angular and Node.js.', 'brynn.olson', 143, 'tg143') ON CONFLICT (id) DO NOTHING;
INSERT INTO student (id, study_group_id, description, github_alias, person_id, tg_alias) VALUES (144, 2, 'Backend engineer specializing in Python and asynchronous programming.', 'apollo.thornton', 144, 'tg144') ON CONFLICT (id) DO NOTHING;
INSERT INTO student (id, study_group_id, description, github_alias, person_id, tg_alias) VALUES (145, 5, 'ML engineer working with natural language processing models.', 'ember.mack', 145, 'tg145') ON CONFLICT (id) DO NOTHING;
INSERT INTO student (id, study_group_id, description, github_alias, person_id, tg_alias) VALUES (146, 3, 'Mobile developer creating native iOS apps with Swift and Combine.', 'ronan.dennis', 146, 'tg146') ON CONFLICT (id) DO NOTHING;
INSERT INTO student (id, study_group_id, description, github_alias, person_id, tg_alias) VALUES (147, 4, 'Data scientist focused on predictive modeling and machine learning.', 'mia.garcia', 147, 'tg147') ON CONFLICT (id) DO NOTHING;


INSERT INTO role (id, name, description) VALUES (1, 'Backend', 'Designs and implements server-side logic, databases, and APIs to power web and mobile applications.') ON CONFLICT (id) DO NOTHING;
INSERT INTO role (id, name, description) VALUES (2, 'Frontend', 'Builds and maintains the user interfaces and user experiences of web and mobile applications using client-side technologies.') ON CONFLICT (id) DO NOTHING;
INSERT INTO role (id, name, description) VALUES (3, 'Fullstack', 'Works on both frontend and backend development, creating complete applications from user interface to server and database integration.') ON CONFLICT (id) DO NOTHING;
INSERT INTO role (id, name, description) VALUES (4, 'Mobile', 'Develops applications for mobile platforms such as iOS and Android, focusing on performance and user experience.') ON CONFLICT (id) DO NOTHING;
INSERT INTO role (id, name, description) VALUES (5, 'ML Engineer', 'Designs, builds, and deploys machine learning models and systems for various business and research applications.') ON CONFLICT (id) DO NOTHING;
INSERT INTO role (id, name, description) VALUES (6, 'Data Engineer', 'Constructs and maintains scalable data pipelines and architectures, ensuring reliable data flow and storage for analytics and machine learning.') ON CONFLICT (id) DO NOTHING;
INSERT INTO role (id, name, description) VALUES (7, 'DevOps Engineer', 'Automates infrastructure, manages deployment pipelines, and ensures system reliability, scalability, and security.') ON CONFLICT (id) DO NOTHING;
INSERT INTO role (id, name, description) VALUES (8, 'QA Engineer', 'Develops and executes tests, identifies bugs, and ensures the quality, reliability, and performance of software products.') ON CONFLICT (id) DO NOTHING;
INSERT INTO role (id, name, description) VALUES (9, 'Game Developer', 'Designs, programs, and tests interactive games for computers, consoles, and mobile devices.') ON CONFLICT (id) DO NOTHING;
INSERT INTO role (id, name, description) VALUES (10, 'Security Engineer', 'Protects systems and data by identifying vulnerabilities, implementing security measures, and responding to security incidents.') ON CONFLICT (id) DO NOTHING;
INSERT INTO role (id, name, description) VALUES (11, 'UI/UX Designer', 'Designs attractive, user-friendly interfaces and ensures a seamless and intuitive user experience.') ON CONFLICT (id) DO NOTHING;
INSERT INTO role (id, name, description) VALUES (12, 'Product Manager', 'Defines product vision, gathers requirements, prioritizes features, and coordinates teams to deliver successful products.') ON CONFLICT (id) DO NOTHING;
INSERT INTO role (id, name, description) VALUES (13, 'System Analyst', 'Analyzes business processes and technical requirements to design effective software solutions.') ON CONFLICT (id) DO NOTHING;
INSERT INTO role (id, name, description) VALUES (14, 'Business Analyst', 'Identifies business needs, analyzes processes, and recommends solutions to improve efficiency and achieve organizational goals.') ON CONFLICT (id) DO NOTHING;

INSERT INTO skill (id, name, description) VALUES (1, 'Python', 'Data science, ML, web, scripting') ON CONFLICT (id) DO NOTHING;
INSERT INTO skill (id, name, description) VALUES (2, 'JavaScript', 'Web, frontend/backend, Node.js') ON CONFLICT (id) DO NOTHING;
INSERT INTO skill (id, name, description) VALUES (3, 'Java', 'Enterprise, Android, backend') ON CONFLICT (id) DO NOTHING;
INSERT INTO skill (id, name, description) VALUES (4, 'C#', '.NET stack, games, enterprise') ON CONFLICT (id) DO NOTHING;
INSERT INTO skill (id, name, description) VALUES (5, 'C++', 'System, games, embedded') ON CONFLICT (id) DO NOTHING;
INSERT INTO skill (id, name, description) VALUES (6, 'TypeScript', 'Typed JS, large web apps') ON CONFLICT (id) DO NOTHING;
INSERT INTO skill (id, name, description) VALUES (7, 'Go', 'Cloud, backend, scalable systems') ON CONFLICT (id) DO NOTHING;
INSERT INTO skill (id, name, description) VALUES (8, 'Ruby', 'Web (Rails), scripting') ON CONFLICT (id) DO NOTHING;
INSERT INTO skill (id, name, description) VALUES (9, 'PHP', 'Web, CMS (WordPress, etc.)') ON CONFLICT (id) DO NOTHING;
INSERT INTO skill (id, name, description) VALUES (10, 'Swift', 'iOS/macOS apps') ON CONFLICT (id) DO NOTHING;
INSERT INTO skill (id, name, description) VALUES (11, 'Kotlin', 'Android, JVM apps') ON CONFLICT (id) DO NOTHING;
INSERT INTO skill (id, name, description) VALUES (12, 'Rust', 'System, secure & performant apps') ON CONFLICT (id) DO NOTHING;
INSERT INTO skill (id, name, description) VALUES (13, 'Scala', 'JVM, big data, functional') ON CONFLICT (id) DO NOTHING;
INSERT INTO skill (id, name, description) VALUES (14, 'Dart', 'Flutter, multi-platform UI') ON CONFLICT (id) DO NOTHING;
INSERT INTO skill (id, name, description) VALUES (15, 'C', 'System, embedded, OS') ON CONFLICT (id) DO NOTHING;
INSERT INTO skill (id, name, description) VALUES (16, 'Shell (Bash)', 'Scripting, DevOps') ON CONFLICT (id) DO NOTHING;
INSERT INTO skill (id, name, description) VALUES (17, 'SQL', 'Databases, queries') ON CONFLICT (id) DO NOTHING;
INSERT INTO skill (id, name, description) VALUES (18, 'MATLAB', 'Engineering, scientific computing') ON CONFLICT (id) DO NOTHING;
INSERT INTO skill (id, name, description) VALUES (19, 'Perl', 'Scripting, text processing') ON CONFLICT (id) DO NOTHING;
INSERT INTO skill (id, name, description) VALUES (20, 'R', 'Statistics, data analysis') ON CONFLICT (id) DO NOTHING;
INSERT INTO skill (id, name, description) VALUES (21, 'Objective-C', 'Legacy iOS/macOS apps') ON CONFLICT (id) DO NOTHING;
INSERT INTO skill (id, name, description) VALUES (22, 'Haskell', 'Functional programming, research') ON CONFLICT (id) DO NOTHING;
INSERT INTO skill (id, name, description) VALUES (23, 'Julia', 'Scientific computing, ML') ON CONFLICT (id) DO NOTHING;
INSERT INTO skill (id, name, description) VALUES (24, 'Lua', 'Embedded, games, scripting') ON CONFLICT (id) DO NOTHING;
INSERT INTO skill (id, name, description) VALUES (25, 'Visual Basic', 'Legacy enterprise, Windows apps') ON CONFLICT (id) DO NOTHING;
INSERT INTO skill (id, name, description) VALUES (26, 'Groovy', 'JVM, scripting, Gradle build scripts') ON CONFLICT (id) DO NOTHING;
INSERT INTO skill (id, name, description) VALUES (27, 'F#', '.NET, functional') ON CONFLICT (id) DO NOTHING;
INSERT INTO skill (id, name, description) VALUES (28, 'Assembly', 'Low-level, embedded, firmware') ON CONFLICT (id) DO NOTHING;
INSERT INTO skill (id, name, description) VALUES (29, 'Powershell', 'Windows scripting, DevOps') ON CONFLICT (id) DO NOTHING;
INSERT INTO skill (id, name, description) VALUES (30, 'Elm', 'Functional frontend web apps') ON CONFLICT (id) DO NOTHING;
INSERT INTO skill (id, name, description) VALUES (31, 'Crystal', 'Ruby-like, compiled, performance') ON CONFLICT (id) DO NOTHING;
INSERT INTO skill (id, name, description) VALUES (32, 'Erlang', 'Distributed, telecom, messaging') ON CONFLICT (id) DO NOTHING;
INSERT INTO skill (id, name, description) VALUES (33, 'Elixir', 'Scalable, distributed web apps') ON CONFLICT (id) DO NOTHING;
INSERT INTO skill (id, name, description) VALUES (34, 'COBOL', 'Legacy enterprise, banking systems') ON CONFLICT (id) DO NOTHING;
INSERT INTO skill (id, name, description) VALUES (35, 'Fortran', 'Scientific, legacy HPC') ON CONFLICT (id) DO NOTHING;
INSERT INTO skill (id, name, description) VALUES (36, 'Apex', 'Salesforce platform') ON CONFLICT (id) DO NOTHING;
INSERT INTO skill (id, name, description) VALUES (37, 'ABAP', 'SAP platform') ON CONFLICT (id) DO NOTHING;
INSERT INTO skill (id, name, description) VALUES (38, 'Solidity', 'Smart contracts, blockchain') ON CONFLICT (id) DO NOTHING;
INSERT INTO skill (id, name, description) VALUES (39, 'Django (Python)', 'High-level web framework for rapid development') ON CONFLICT (id) DO NOTHING;
INSERT INTO skill (id, name, description) VALUES (40, 'Flask (Python)', 'Lightweight web framework') ON CONFLICT (id) DO NOTHING;
INSERT INTO skill (id, name, description) VALUES (41, 'FastAPI (Python)', 'Modern, fast (async) web APIs') ON CONFLICT (id) DO NOTHING;
INSERT INTO skill (id, name, description) VALUES (42, 'NumPy (Python)', 'Scientific computing, arrays') ON CONFLICT (id) DO NOTHING;
INSERT INTO skill (id, name, description) VALUES (43, 'pandas (Python)', 'Data analysis and manipulation') ON CONFLICT (id) DO NOTHING;
INSERT INTO skill (id, name, description) VALUES (44, 'TensorFlow (Python)', 'Machine learning and deep learning') ON CONFLICT (id) DO NOTHING;
INSERT INTO skill (id, name, description) VALUES (45, 'PyTorch (Python)', 'Deep learning framework') ON CONFLICT (id) DO NOTHING;
INSERT INTO skill (id, name, description) VALUES (46, 'scikit-learn (Python)', 'Machine learning and data mining') ON CONFLICT (id) DO NOTHING;
INSERT INTO skill (id, name, description) VALUES (47, 'Matplotlib (Python)', 'Data visualization') ON CONFLICT (id) DO NOTHING;
INSERT INTO skill (id, name, description) VALUES (48, 'Scrapy (Python)', 'Web scraping framework') ON CONFLICT (id) DO NOTHING;
INSERT INTO skill (id, name, description) VALUES (49, 'React (JavaScript)', 'UI library for building frontend interfaces') ON CONFLICT (id) DO NOTHING;
INSERT INTO skill (id, name, description) VALUES (50, 'Vue.js (JavaScript)', 'Progressive frontend framework') ON CONFLICT (id) DO NOTHING;
INSERT INTO skill (id, name, description) VALUES (51, 'Angular (TypeScript)', 'Robust, typed frontend framework') ON CONFLICT (id) DO NOTHING;
INSERT INTO skill (id, name, description) VALUES (52, 'Next.js (JavaScript)', 'React-based SSR/SSG web framework') ON CONFLICT (id) DO NOTHING;
INSERT INTO skill (id, name, description) VALUES (53, 'Express.js (JavaScript)', 'Minimalist backend framework for Node.js') ON CONFLICT (id) DO NOTHING;
INSERT INTO skill (id, name, description) VALUES (54, 'NestJS (TypeScript)', 'Typed backend framework (inspired by Angular)') ON CONFLICT (id) DO NOTHING;
INSERT INTO skill (id, name, description) VALUES (55, 'jQuery (JavaScript)', 'DOM manipulation and utilities') ON CONFLICT (id) DO NOTHING;
INSERT INTO skill (id, name, description) VALUES (56, 'D3.js (JavaScript)', 'Data visualization') ON CONFLICT (id) DO NOTHING;
INSERT INTO skill (id, name, description) VALUES (57, 'Three.js (JavaScript)', '3D graphics for the web') ON CONFLICT (id) DO NOTHING;
INSERT INTO skill (id, name, description) VALUES (58, 'Spring Boot (Java)', 'Rapid enterprise app development') ON CONFLICT (id) DO NOTHING;
INSERT INTO skill (id, name, description) VALUES (59, 'Hibernate (Java)', 'Object-relational mapping (ORM)') ON CONFLICT (id) DO NOTHING;
INSERT INTO skill (id, name, description) VALUES (60, 'Jakarta EE (Java)', 'Enterprise web applications') ON CONFLICT (id) DO NOTHING;
INSERT INTO skill (id, name, description) VALUES (61, 'Micronaut (Java)', 'Modern JVM-based microservices') ON CONFLICT (id) DO NOTHING;
INSERT INTO skill (id, name, description) VALUES (62, 'Vert.x (Java)', 'Reactive applications') ON CONFLICT (id) DO NOTHING;
INSERT INTO skill (id, name, description) VALUES (63, 'JUnit (Java)', 'Unit testing framework') ON CONFLICT (id) DO NOTHING;
INSERT INTO skill (id, name, description) VALUES (64, 'ASP.NET Core (C#)', 'Web, APIs, microservices') ON CONFLICT (id) DO NOTHING;
INSERT INTO skill (id, name, description) VALUES (65, 'Entity Framework (C#)', 'ORM for data access') ON CONFLICT (id) DO NOTHING;
INSERT INTO skill (id, name, description) VALUES (66, 'Unity (C#)', 'Game development engine') ON CONFLICT (id) DO NOTHING;
INSERT INTO skill (id, name, description) VALUES (67, 'Xamarin (C#)', 'Cross-platform mobile apps') ON CONFLICT (id) DO NOTHING;
INSERT INTO skill (id, name, description) VALUES (68, 'Blazor (C#)', 'WebAssembly frontend apps') ON CONFLICT (id) DO NOTHING;
INSERT INTO skill (id, name, description) VALUES (69, 'Qt (C++)', 'Cross-platform GUI and application framework') ON CONFLICT (id) DO NOTHING;
INSERT INTO skill (id, name, description) VALUES (70, 'Boost (C++)', 'Portable C++ source libraries') ON CONFLICT (id) DO NOTHING;
INSERT INTO skill (id, name, description) VALUES (71, 'Unreal Engine (C++)', 'Game development engine') ON CONFLICT (id) DO NOTHING;
INSERT INTO skill (id, name, description) VALUES (72, 'OpenCV (C++)', 'Computer vision and image processing') ON CONFLICT (id) DO NOTHING;
INSERT INTO skill (id, name, description) VALUES (73, 'POCO (C++)', 'Networking and server libraries') ON CONFLICT (id) DO NOTHING;
INSERT INTO skill (id, name, description) VALUES (74, 'TypeORM (TypeScript)', 'ORM for TypeScript and Node.js') ON CONFLICT (id) DO NOTHING;
INSERT INTO skill (id, name, description) VALUES (75, 'RxJS (TypeScript)', 'Reactive programming library') ON CONFLICT (id) DO NOTHING;
INSERT INTO skill (id, name, description) VALUES (76, 'Gin (Go)', 'Web framework') ON CONFLICT (id) DO NOTHING;
INSERT INTO skill (id, name, description) VALUES (77, 'Echo (Go)', 'High-performance, extensible web framework') ON CONFLICT (id) DO NOTHING;
INSERT INTO skill (id, name, description) VALUES (78, 'Beego (Go)', 'Web application framework') ON CONFLICT (id) DO NOTHING;
INSERT INTO skill (id, name, description) VALUES (79, 'Revel (Go)', 'High-productivity web framework') ON CONFLICT (id) DO NOTHING;
INSERT INTO skill (id, name, description) VALUES (80, 'GORM (Go)', 'ORM library') ON CONFLICT (id) DO NOTHING;
INSERT INTO skill (id, name, description) VALUES (81, 'Ruby on Rails (Ruby)', 'Full-stack web framework') ON CONFLICT (id) DO NOTHING;
INSERT INTO skill (id, name, description) VALUES (82, 'Sinatra (Ruby)', 'Lightweight web framework') ON CONFLICT (id) DO NOTHING;
INSERT INTO skill (id, name, description) VALUES (83, 'Hanami (Ruby)', 'Modern web framework') ON CONFLICT (id) DO NOTHING;
INSERT INTO skill (id, name, description) VALUES (84, 'RSpec (Ruby)', 'Testing tool') ON CONFLICT (id) DO NOTHING;
INSERT INTO skill (id, name, description) VALUES (85, 'Laravel (PHP)', 'Elegant web framework') ON CONFLICT (id) DO NOTHING;
INSERT INTO skill (id, name, description) VALUES (86, 'Symfony (PHP)', 'Reusable PHP components and web framework') ON CONFLICT (id) DO NOTHING;
INSERT INTO skill (id, name, description) VALUES (87, 'CodeIgniter (PHP)', 'Lightweight web framework') ON CONFLICT (id) DO NOTHING;
INSERT INTO skill (id, name, description) VALUES (88, 'Yii (PHP)', 'Fast, secure web framework') ON CONFLICT (id) DO NOTHING;
INSERT INTO skill (id, name, description) VALUES (89, 'PHPUnit (PHP)', 'Testing framework') ON CONFLICT (id) DO NOTHING;
INSERT INTO skill (id, name, description) VALUES (90, 'SwiftUI (Swift)', 'Declarative UI framework for Apple platforms') ON CONFLICT (id) DO NOTHING;
INSERT INTO skill (id, name, description) VALUES (91, 'Vapor (Swift)', 'Web framework for Swift') ON CONFLICT (id) DO NOTHING;
INSERT INTO skill (id, name, description) VALUES (92, 'Alamofire (Swift)', 'HTTP networking library') ON CONFLICT (id) DO NOTHING;
INSERT INTO skill (id, name, description) VALUES (93, 'Combine (Swift)', 'Reactive programming framework') ON CONFLICT (id) DO NOTHING;
INSERT INTO skill (id, name, description) VALUES (94, 'Ktor (Kotlin)', 'Asynchronous web framework for Kotlin') ON CONFLICT (id) DO NOTHING;
INSERT INTO skill (id, name, description) VALUES (95, 'Spring (Kotlin)', 'Kotlin support for Spring ecosystem') ON CONFLICT (id) DO NOTHING;
INSERT INTO skill (id, name, description) VALUES (96, 'Exposed (Kotlin)', 'ORM framework for Kotlin') ON CONFLICT (id) DO NOTHING;
INSERT INTO skill (id, name, description) VALUES (97, 'Rocket (Rust)', 'Web framework') ON CONFLICT (id) DO NOTHING;
INSERT INTO skill (id, name, description) VALUES (98, 'Actix (Rust)', 'Powerful actor system and web framework') ON CONFLICT (id) DO NOTHING;
INSERT INTO skill (id, name, description) VALUES (99, 'Tokio (Rust)', 'Asynchronous runtime for Rust') ON CONFLICT (id) DO NOTHING;
INSERT INTO skill (id, name, description) VALUES (100, 'Diesel (Rust)', 'ORM and query builder') ON CONFLICT (id) DO NOTHING;
INSERT INTO skill (id, name, description) VALUES (101, 'Serde (Rust)', 'Serialization/deserialization library') ON CONFLICT (id) DO NOTHING;
INSERT INTO skill (id, name, description) VALUES (102, 'Play Framework (Scala)', 'Reactive web framework') ON CONFLICT (id) DO NOTHING;
INSERT INTO skill (id, name, description) VALUES (103, 'Akka (Scala)', 'Actor-based concurrency framework') ON CONFLICT (id) DO NOTHING;
INSERT INTO skill (id, name, description) VALUES (104, 'Slick (Scala)', 'Functional relational mapping (FRM)') ON CONFLICT (id) DO NOTHING;
INSERT INTO skill (id, name, description) VALUES (105, 'Flutter (Dart)', 'Multi-platform UI toolkit') ON CONFLICT (id) DO NOTHING;
INSERT INTO skill (id, name, description) VALUES (106, 'Angel (Dart)', 'Web framework') ON CONFLICT (id) DO NOTHING;
INSERT INTO skill (id, name, description) VALUES (107, 'Cocos2d-x (C++)', 'Open source game framework') ON CONFLICT (id) DO NOTHING;
INSERT INTO skill (id, name, description) VALUES (108, 'SDL (C)', 'Simple DirectMedia Layer for multimedia/games') ON CONFLICT (id) DO NOTHING;
INSERT INTO skill (id, name, description) VALUES (109, 'GTK (C)', 'GUI toolkit for Linux') ON CONFLICT (id) DO NOTHING;
INSERT INTO skill (id, name, description) VALUES (110, 'Bash-it (Shell)', 'Bash framework for scripts and plugins') ON CONFLICT (id) DO NOTHING;
INSERT INTO skill (id, name, description) VALUES (111, 'Zsh (Shell)', 'Powerful shell with plugins') ON CONFLICT (id) DO NOTHING;
INSERT INTO skill (id, name, description) VALUES (112, 'BeautifulSoup (Python)', 'HTML/XML parsing library') ON CONFLICT (id) DO NOTHING;
INSERT INTO skill (id, name, description) VALUES (113, 'Requests (Python)', 'HTTP library for Python') ON CONFLICT (id) DO NOTHING;
INSERT INTO skill (id, name, description) VALUES (114, 'Svelte (JavaScript)', 'Modern frontend compiler/framework') ON CONFLICT (id) DO NOTHING;
INSERT INTO skill (id, name, description) VALUES (115, 'Chart.js (JavaScript)', 'Simple and flexible charting library') ON CONFLICT (id) DO NOTHING;
INSERT INTO skill (id, name, description) VALUES (116, 'Prisma (TypeScript)', 'Next-generation ORM for Node.js and TypeScript') ON CONFLICT (id) DO NOTHING;
INSERT INTO skill (id, name, description) VALUES (117, 'Sequelize (JavaScript)', 'Promise-based ORM for Node.js') ON CONFLICT (id) DO NOTHING;
INSERT INTO skill (id, name, description) VALUES (118, 'Hapi (JavaScript)', 'Rich framework for building applications and APIs') ON CONFLICT (id) DO NOTHING;
INSERT INTO skill (id, name, description) VALUES (119, 'Deno (TypeScript)', 'Secure JavaScript/TypeScript runtime and libraries') ON CONFLICT (id) DO NOTHING;
INSERT INTO skill (id, name, description) VALUES (120, 'Bottle (Python)', 'Fast, simple micro web-framework') ON CONFLICT (id) DO NOTHING;
INSERT INTO skill (id, name, description) VALUES (121, 'Tornado (Python)', 'Web framework and asynchronous networking library') ON CONFLICT (id) DO NOTHING;
INSERT INTO skill (id, name, description) VALUES (122, 'Docker', 'Containerization platform') ON CONFLICT (id) DO NOTHING;
INSERT INTO skill (id, name, description) VALUES (123, 'Kubernetes', 'Container orchestration platform') ON CONFLICT (id) DO NOTHING;
INSERT INTO skill (id, name, description) VALUES (124, 'AWS', 'Amazon Web Services cloud platform') ON CONFLICT (id) DO NOTHING;
INSERT INTO skill (id, name, description) VALUES (125, 'Azure', 'Microsoft cloud platform') ON CONFLICT (id) DO NOTHING;
INSERT INTO skill (id, name, description) VALUES (126, 'Google Cloud Platform', 'Google cloud services') ON CONFLICT (id) DO NOTHING;
INSERT INTO skill (id, name, description) VALUES (127, 'Git', 'Version control system') ON CONFLICT (id) DO NOTHING;
INSERT INTO skill (id, name, description) VALUES (128, 'GraphQL', 'Query language for APIs') ON CONFLICT (id) DO NOTHING;
INSERT INTO skill (id, name, description) VALUES (129, 'Redis', 'In-memory data structure store') ON CONFLICT (id) DO NOTHING;
INSERT INTO skill (id, name, description) VALUES (130, 'CI/CD', 'Continuous integration / Continuous development') ON CONFLICT (id) DO NOTHING;
INSERT INTO skill (id, name, description) VALUES (131, 'MongoDB', 'NoSQL document database') ON CONFLICT (id) DO NOTHING;
INSERT INTO skill (id, name, description) VALUES (132, 'PostgreSQL', 'Advanced open source relational database') ON CONFLICT (id) DO NOTHING;



INSERT INTO project (id, name, course_name, team_lead_id, description, project_link, status) VALUES (1, 'bebe', 'Practical Software Engineering', 1, 'TeamSync aims to improve the quality and balance of student teams by offering a data-driven, user-friendly experience for discovering, evaluating, and matching with potential teammates.', 'https://github.com/TeamSync', 'IN_PROGRESS') ON CONFLICT (id) DO NOTHING;
INSERT INTO project (id, name, course_name, team_lead_id, description, project_link, status) VALUES (2, 'bebe', 'Practical Software Engineering', 2, 'Random Coffee is a web-based service integrated within a Telegram bot, designed to foster meaningful connections through casual meetups. Users can register, set their preferences, and choose relevant tags that reflect their interests or professional background. Once a week, the system matches them with others who share similar tags and suggests setting up a meeting.\n\nThe bot is intended for deployment within companies, universities, or other communities to encourage networking, experience sharing, and informal communication among members. By facilitating regular, low-pressure interactions, Random Coffee helps build stronger internal networks and promotes a culture of collaboration and openness.', 'https://github.com/RandomCoffee', 'IN_PROGRESS') ON CONFLICT (id) DO NOTHING;
INSERT INTO project (id, name, course_name, team_lead_id, description, project_link, status) VALUES (3, 'bebe', 'Practical Software Engineering', 3, 'A self-hosted platform to share and discover local events (alternative to Opportunities For You).', 'https://github.com/EvOps', 'IN_PROGRESS') ON CONFLICT (id) DO NOTHING;
INSERT INTO project (id, name, course_name, team_lead_id, description, project_link, status) VALUES (4, 'bebe', 'Practical Software Engineering', 4, 'A web-based platform for creating, distributing and following personalized training plans. Users receive AI-powered workout recommendations based on their goals and conditions. Coaches can publish and manage their own training programs quickly and comfortably.', 'https://github.com/UrTraining', 'IN_PROGRESS') ON CONFLICT (id) DO NOTHING;
INSERT INTO project (id, name, course_name, team_lead_id, description, project_link, status) VALUES (5, 'bebe', 'Practical Software Engineering', 5, 'An online version of the Russian game "7Red" with with secure user authentication, a main menu for navigation, and multiple game modes: Play with Friends (private rooms), Play Online (matchmaking), and Play with AI.\n\nIt includes player statistics, achievements, and a rules section for guidance. Users can customize profiles, avatars, and language in settings.\n\nThe backend features real-time multiplayer sync, a database for accounts and live games, and user-friendly error handling for a smooth experience.', 'https://github.com/7Red', 'IN_PROGRESS') ON CONFLICT (id) DO NOTHING;
INSERT INTO project (id, name, course_name, team_lead_id, description, project_link, status) VALUES (6, 'bebe', 'Practical Software Engineering', 6, 'Our app is designed to connect people through their shared passion for sports and an active lifestyle. Whether you''re looking for a workout buddy, someone to play a match with, or just want to meet new people who love staying active, this is the place to start.\nExplore nearby users with similar interests, join local sports events, or simply connect and chat with like-minded athletes. From casual joggers to competitive players  everyone is welcome.', 'https://github.com/SolarWind', 'IN_PROGRESS') ON CONFLICT (id) DO NOTHING;
INSERT INTO project (id, name, course_name, team_lead_id, description, project_link, status) VALUES (7, 'bebe', 'Practical Software Engineering', 7, 'A software and hardware product for the robotics laboratory of Innopolis University in order to study and improve skills in the field of Control Theory, Reinforcement Learning (RL), Shapers and other areas of Modern Robotics', 'https://github.com/Control', 'IN_PROGRESS') ON CONFLICT (id) DO NOTHING;
INSERT INTO project (id, name, course_name, team_lead_id, description, project_link, status) VALUES (8, 'bebe', 'Practical Software Engineering', 8, 'Smart Clause is an AI-powered service for contract analysis that helps users identify legal risks, inconsistencies, and compliance issues without requiring extensive legal expertise. The platform leverages semantic search through vectorized legal databases and language models to provide comprehensive contract review and risk assessment.', 'https://github.com/SmartClause', 'IN_PROGRESS') ON CONFLICT (id) DO NOTHING;
INSERT INTO project (id, name, course_name, team_lead_id, description, project_link, status) VALUES (9, 'bebe', 'Practical Software Engineering', 9, 'A contest platform for practicing digital design using hardware description languages, allowing students to solve problems by writing and testing code in a sandboxed environment with automated verification', 'https://github.com/VerilogContest', 'IN_PROGRESS') ON CONFLICT (id) DO NOTHING;
INSERT INTO project (id, name, course_name, team_lead_id, description, project_link, status) VALUES (10, 'bebe', 'Practical Software Engineering', 10, 'EasyTravel is a smart service that helps people find interesting places in the city to walk or relax. It is enough for the user to enter a request in free form, for example:\n"I came to Kazan for a day, I want to have an interesting time, I love museums"\nThe service understands the meaning of such a query (and not just keywords) and suggests suitable places to visit  personally, taking into account interests and context.', 'https://github.com/EasyTravel', 'IN_PROGRESS') ON CONFLICT (id) DO NOTHING;
INSERT INTO project (id, name, course_name, team_lead_id, description, project_link, status) VALUES (11, 'bebe', 'Practical Software Engineering', 11, 'The project is an educational platform that combines the functions of career guidance, university selection, preparation for the Unified State Exam and the selection of tutors. The main feature is the use of artificial intelligence for personalized recommendations. The app is aimed at students in grades 9-11. It is important to emphasize competitive advantages: accessibility, specific advice, all in one place.', 'https://github.com/Smartify', 'IN_PROGRESS') ON CONFLICT (id) DO NOTHING;
INSERT INTO project (id, name, course_name, team_lead_id, description, project_link, status) VALUES (12, 'bebe', 'Practical Software Engineering', 12, 'GymGenius is an offline-friendly workout tracker that stores every set on your phone and syncs to the cloud when connectivity returns. A one-tap AI coach reviews each finished session and suggests smarter progression. Behind the scenes, a web-based Vue dashboard lets staff inspect usage logs, grant or revoke paid subscriptions, and moderate usersall while the core services run in a lightweight Go/Flutter stack.', 'https://github.com/GymGenius', 'IN_PROGRESS') ON CONFLICT (id) DO NOTHING;
INSERT INTO project (id, name, course_name, team_lead_id, description, project_link, status) VALUES (13, 'bebe', 'Practical Software Engineering', 13, 'The project is a smart search for the content of Innopolis University services for students. Artificial intelligence in our product will allow students to quickly find information about dormitories/university and other services, it is expected that there will be an opportunity to search for information on free-form questions. The service will be built into innohassle.ru', 'https://github.com/InnoServicesSearch', 'IN_PROGRESS') ON CONFLICT (id) DO NOTHING;
INSERT INTO project (id, name, course_name, team_lead_id, description, project_link, status) VALUES (14, 'bebe', 'Practical Software Engineering', 14, 'A game created on Unity in 2.5D style, where the player can walk through the main areas of the university (main hall, dormitories, etc), interacting with NPCs and learning about life in Innopolis through mini-quests and dialogs.', 'https://github.com/InnopolisGame', 'IN_PROGRESS') ON CONFLICT (id) DO NOTHING;
INSERT INTO project (id, name, course_name, team_lead_id, description, project_link, status) VALUES (15, 'bebe', 'Practical Software Engineering', 15, 'Telegram-mini-app that collects information from the user about food preferences (allergies, dietary restrictions, favorite cuisines, cooking time) and, upon request, generates a personalized meal plan for a specified period (a day, three days, a week). The user receives a diet for the specified period with detailed instructions for cooking and a generated list of actual products from the Magnit chain.', 'https://github.com/mealix', 'IN_PROGRESS') ON CONFLICT (id) DO NOTHING;
INSERT INTO project (id, name, course_name, team_lead_id, description, project_link, status) VALUES (16, 'bebe', 'Practical Software Engineering', 16, 'AI writing companion that helps people start, continue writing, and form their ideas using a responsive macOS app with a custom post-trained on-device large language model', 'https://github.com/Killah', 'IN_PROGRESS') ON CONFLICT (id) DO NOTHING;
INSERT INTO project (id, name, course_name, team_lead_id, description, project_link, status) VALUES (17, 'bebe', 'Practical Software Engineering', 17, 'A website that builds personalized learning roadmaps  just set your skill level, goals, and budget, and it recommends the best online courses to get you there. Whether you''re aiming to become a developer or something else, it guides you step by step with cost-aware resources', 'https://github.com/SkillsNavigator', 'IN_PROGRESS') ON CONFLICT (id) DO NOTHING;
INSERT INTO project (id, name, course_name, team_lead_id, description, project_link, status) VALUES (18, 'bebe', 'Practical Software Engineering', 18, 'KIZAK is an AI-powered learning assistant designed to guide users through their journey in the IT field. It builds personalized learning paths, recommends daily and weekly tasks, and supports users with a smart AI coachall while keeping track of their skills and progress.', 'https://github.com/KIZAK', 'IN_PROGRESS') ON CONFLICT (id) DO NOTHING;
INSERT INTO project (id, name, course_name, team_lead_id, description, project_link, status) VALUES (19, 'bebe', 'Practical Software Engineering', 19, 'NeuroCoach is an intelligent assistant that provides personalized coaching using AI. It adapts to your goals in fitness, learning, or productivity, offering tailored plans and real-time feedback. With interactive guidance and progress tracking, it helps you achieve better results faster. Smart, scalable, and available anytimetraining made effortless.', 'https://github.com/NeuroCoach', 'IN_PROGRESS') ON CONFLICT (id) DO NOTHING;
INSERT INTO project (id, name, course_name, team_lead_id, description, project_link, status) VALUES (20, 'bebe', 'Practical Software Engineering', 20, 'LibNet is a service that unifies the search of the books for a user, making it more simple. Libraries can plug into our system to keep track of available books and let users reserve them easily. The aggregator is built to work with many libraries at once, so everything stays organized and simple to reach.', 'https://github.com/LibNet', 'IN_PROGRESS') ON CONFLICT (id) DO NOTHING;
INSERT INTO project (id, name, course_name, team_lead_id, description, project_link, status) VALUES (21, 'bebe', 'Practical Software Engineering', 21, 'A game (Unity 2D), where user draws symbols to defeat enemies.', 'https://github.com/SignGame', 'IN_PROGRESS') ON CONFLICT (id) DO NOTHING;
INSERT INTO project (id, name, course_name, team_lead_id, description, project_link, status) VALUES (22, 'bebe', 'Practical Software Engineering', 22, 'We are developing a fast-paced arena shooter inspired by Quake and Call of Duty, featuring:\n up to 12-player multiplayer matches\n Competitive leaderboards and match statistics', 'https://github.com/DeathRoom', 'IN_PROGRESS') ON CONFLICT (id) DO NOTHING;
INSERT INTO project (id, name, course_name, team_lead_id, description, project_link, status) VALUES (23, 'bebe', 'Practical Software Engineering', 23, 'Ego AI is your personal assistant in everyday life. He will help you with the allocation of your tasks for the day, week, month. It will also show you all the latest news in the world if you want it.', 'https://github.com/EgoAI', 'IN_PROGRESS') ON CONFLICT (id) DO NOTHING;
INSERT INTO project (id, name, course_name, team_lead_id, description, project_link, status) VALUES (24, 'bebe', 'Practical Software Engineering', 24, 'A distributed system that enables users to rate books. Based on their reading history and given ratings, the system generates personalized recommendations.', 'https://github.com/BookRecommendation', 'IN_PROGRESS') ON CONFLICT (id) DO NOTHING;
INSERT INTO project (id, name, course_name, team_lead_id, description, project_link, status) VALUES (25, 'bebe', 'Practical Software Engineering', 25, 'Web-service to help people organize their self-study using AI and motivate them with gamification. Choose course topic, durability and get your lessons with sub-topics and useful links to study', 'https://github.com/PALTUS', 'IN_PROGRESS') ON CONFLICT (id) DO NOTHING;
INSERT INTO project (id, name, course_name, team_lead_id, description, project_link, status) VALUES (26, 'bebe', 'Practical Software Engineering', 26, 'Web-platform that helps users to decide which outfit to wear based on person''s wardrobe and clothing of characters from movies, fashions collections, fashion markets.', 'https://github.com/OutfitPredict', 'IN_PROGRESS') ON CONFLICT (id) DO NOTHING;
INSERT INTO project (id, name, course_name, team_lead_id, description, project_link, status) VALUES (27, 'bebe', 'Practical Software Engineering', 27, 'Software for tire brand and model recognition, determining thread depth and analyzing spikes condition. Project is intended for car services and tire retails', 'https://github.com/Kolobok', 'IN_PROGRESS') ON CONFLICT (id) DO NOTHING;
INSERT INTO project (id, name, course_name, team_lead_id, description, project_link, status) VALUES (28, 'bebe', 'Practical Software Engineering', 28, 'VoiceDiary is an AI-powered voice journaling tool that analyzes tone, emotion, and key themes in spoken entries. It generates personalized emotional insights and well-being suggestions based on recorded reflections.', 'https://github.com/VoiceDiary', 'IN_PROGRESS') ON CONFLICT (id) DO NOTHING;
INSERT INTO project (id, name, course_name, team_lead_id, description, project_link, status) VALUES (29, 'bebe', 'Practical Software Engineering', 29, 'The idea is to develop an analytical system for forecasting the prices of specific metals traded on the MOEX or the Tinkoff Exchange. The focus will be on 2-3 metals and basic price prediction. Additionally, the report of explaining price fluctuations and potential market volatility based on news, sanctions, macroeconomic indicators and other external factors will be generated.', 'https://github.com/Metalytics', 'IN_PROGRESS') ON CONFLICT (id) DO NOTHING;
INSERT INTO project (id, name, course_name, team_lead_id, description, project_link, status) VALUES (30, 'bebe', 'Practical Software Engineering', 30, 'nan', 'https://github.com/ReadTracker', 'IN_PROGRESS') ON CONFLICT (id) DO NOTHING;
INSERT INTO project (id, name, course_name, team_lead_id, description, project_link, status) VALUES (31, 'bebe', 'Practical Software Engineering', 31, 'This platform allows creators to post startup ideas, developers to explore and join projects, and teams to collaborate efficiently. It also features a "startup graveyard" to document failed ventures, providing valuable insights for future innovators.', 'https://github.com/ProjectOR', 'IN_PROGRESS') ON CONFLICT (id) DO NOTHING;
INSERT INTO project (id, name, course_name, team_lead_id, description, project_link, status) VALUES (32, 'bebe', 'Practical Software Engineering', 32, 'Application for fishermen to find fishing places and access knowledge base about fish species. It will allow users to compete between each other in terms of who caught bigger and rarer fish and to show off their collection of captured fish to friends and other users.', 'https://github.com/FishMasters', 'IN_PROGRESS') ON CONFLICT (id) DO NOTHING;
INSERT INTO project (id, name, course_name, team_lead_id, description, project_link, status) VALUES (33, 'bebe', 'Practical Software Engineering', 33, 'Cooperative anomaly management sim in Godot engine (Like Lobotomy Corporation)', 'https://github.com/TheCOOrP', 'IN_PROGRESS') ON CONFLICT (id) DO NOTHING;
INSERT INTO project (id, name, course_name, team_lead_id, description, project_link, status) VALUES (34, 'bebe', 'Practical Software Engineering', 34, 'InnoSync is a smart talent-matching and project collaboration platform tailored for university communities and innovation hubs. It connects recruiters (project creators) with recruitees (talent) by streamlining team formation through detailed profile creation, role-based filtering, and AI- powered fast matchmaking.', 'https://github.com/InnoSync', 'IN_PROGRESS') ON CONFLICT (id) DO NOTHING;
INSERT INTO project (id, name, course_name, team_lead_id, description, project_link, status) VALUES (35, 'bebe', 'Practical Software Engineering', 35, 'An integrated IDE agent that mentors users in Machine Learning and DAn integrated IDE agent that mentors users in Machine Learning and Data Science by providing real-time educational feedbackata Science by providing real-time educational feedback', 'https://github.com/DataSculptor', 'IN_PROGRESS') ON CONFLICT (id) DO NOTHING;
INSERT INTO project (id, name, course_name, team_lead_id, description, project_link, status) VALUES (36, 'bebe', 'Practical Software Engineering', 36, 'Fluently aims to address the lack of effective English teaching applications for learners at A2-C2 CEFR levels by providing personalized lessons and realistic conversations with AI. Users can enhance their spoken English through user-specific vocabulary, quick tests, and progress tracking across various devices. The platform focuses on meeting individual needs by offering tailored lessons based on user goals, levels, and learning schedules.', 'https://github.com/Fluently', 'IN_PROGRESS') ON CONFLICT (id) DO NOTHING;
INSERT INTO project (id, name, course_name, team_lead_id, description, project_link, status) VALUES (37, 'bebe', 'Practical Software Engineering', 37, 'The idea is an application that allows users to try on clothes virtually using computer vision and 3D modeling technologies. The application analyzes the user''s parameters from a photo, recommends suitable sizes and creates a personalized 3D model for virtual fitting', 'https://github.com/Looki', 'IN_PROGRESS') ON CONFLICT (id) DO NOTHING;
INSERT INTO project (id, name, course_name, team_lead_id, description, project_link, status) VALUES (38, 'bebe', 'Practical Software Engineering', 38, 'An interactive learning platform that allows users to create and play real-time quizzes. Teachers, trainers, or event hosts can easily design engaging quizzes, while participants join from any device and compete for the top spot on the leaderboard. With gamification elements like timers, points, and live feedback, this project makes learning fun and dynamic. The platform supports provides detailed performance analytics. Perfect for classrooms, corporate training, and social events, it turns assessments into an exciting, game-like experience', 'https://github.com/Vanguard', 'IN_PROGRESS') ON CONFLICT (id) DO NOTHING;
INSERT INTO project (id, name, course_name, team_lead_id, description, project_link, status) VALUES (39, 'bebe', 'Practical Software Engineering', 39, 'Learning Management System for interaction between teachers, students, and parents. The teacher can upload materials, create homework assignments, see student submissions, grade them based on criteria, and and calculate course grade.', 'https://github.com/EdHub', 'IN_PROGRESS') ON CONFLICT (id) DO NOTHING;
INSERT INTO project (id, name, course_name, team_lead_id, description, project_link, status) VALUES (40, 'bebe', 'Practical Software Engineering', 40, 'Were developing an autonomous drift stabilization system for all-wheel-drive vehicles, with initial testing on an RC car. Using minimal sensor data, the control system will calculate the vehicles current and predicted states, then apply corrective actions to maintain stability during drifts. This small-scale prototype will demonstrate how advanced control algorithms can handle extreme driving conditions.', 'https://github.com/AutonomousDrift', 'IN_PROGRESS') ON CONFLICT (id) DO NOTHING;
INSERT INTO project (id, name, course_name, team_lead_id, description, project_link, status) VALUES (41, 'bebe', 'Practical Software Engineering', 41, 'the idea of the project is to create an AI stylist who could give recommendations on style and select images for a specific user request. In order to select clothes more efficiently, it is also planned to add the definition of color type by photo and body type by parameters from the user. We plan to collect images from products from popular marketplaces like wb/ozon', 'https://github.com/styleU', 'IN_PROGRESS') ON CONFLICT (id) DO NOTHING;
INSERT INTO project (id, name, course_name, team_lead_id, description, project_link, status) VALUES (42, 'bebe', 'Practical Software Engineering', 42, 'This project is a request for the development of a solution for agricultural drone use. The task will involve development of the a system for measuring the liquid level in a UAV tank for spraying agricultural crops', 'https://github.com/ProjectFly', 'IN_PROGRESS') ON CONFLICT (id) DO NOTHING;
INSERT INTO project (id, name, course_name, team_lead_id, description, project_link, status) VALUES (43, 'bebe', 'Practical Software Engineering', 43, 'Digital assets inventory system, designed to unify the information in one place. Like a big table with many static views, links and a cool plugin system.', 'https://github.com/Hypershelf', 'IN_PROGRESS') ON CONFLICT (id) DO NOTHING;
INSERT INTO project (id, name, course_name, team_lead_id, description, project_link, status) VALUES (44, 'bebe', 'Practical Software Engineering', 44, 'People have ingredients but don''t know what to cook. Our project will keep track of list of products that you have and will suggest recipes for them based on their preferences.', 'https://github.com/CookCookhNya', 'IN_PROGRESS') ON CONFLICT (id) DO NOTHING;
INSERT INTO project (id, name, course_name, team_lead_id, description, project_link, status) VALUES (45, 'bebe', 'Practical Software Engineering', 45, 'MLTD is a threat detection API used for detecting any cyber threats in log files. It uses machine learning to find any threats from user-provided log files. Users can upload their log files to a front end web ui, and the backend will check for any threats and send any results back to the user.', 'https://github.com/MLTD', 'IN_PROGRESS') ON CONFLICT (id) DO NOTHING;
INSERT INTO project (id, name, course_name, team_lead_id, description, project_link, status) VALUES (46, 'bebe', 'Practical Software Engineering', 46, 'The goal of the project is to develop a network-isolation solution for endpoints managed by a central host. The solution includes a simple EDR agent that runs in both userland and kernelland on each endpoint, monitoring system events and collecting security telemetry, while providing the capability to isolate the host at the network level upon receiving a command from the central host. In addition, the project involves creating a central management host responsible for aggregating logs and alerts from all endpoint agents, analyzing incoming telemetry to detect anomalies or policy violations, and orchestrating the network-isolation process by issuing commands to the appropriate agents. This integrated architecture will enable rapid containment of compromised or suspicious hosts, while maintaining comprehensive visibility and centralized control.', 'https://github.com/InnoLock', 'IN_PROGRESS') ON CONFLICT (id) DO NOTHING;
INSERT INTO project (id, name, course_name, team_lead_id, description, project_link, status) VALUES (47, 'bebe', 'Practical Software Engineering', 47, 'Open Labs Share is an open platform, where professionals and amateurs can share their knowledge and experience to everyone for free. Instructors can upload and organize experiments, students can access materials, participate in discussions, and receive instant quiz feedbackall while earning reputation points for their contributions.', 'https://github.com/OpenLabsShare', 'IN_PROGRESS') ON CONFLICT (id) DO NOTHING;
INSERT INTO project (id, name, course_name, team_lead_id, description, project_link, status) VALUES (48, 'bebe', 'Practical Software Engineering', 48, 'A web page with an AI tool that aggregates and structures advanced\nfootball statistics from various sources, provides convenient visualizations and\nsummaries of teams and tournaments, and allows you to quickly and intuitively find\nthe information you need. The platform will become a central hub for all football\nanalytics and will greatly simplify the work of coaches, journalists and fans.', 'https://github.com/GoalSight', 'IN_PROGRESS') ON CONFLICT (id) DO NOTHING;
INSERT INTO project (id, name, course_name, team_lead_id, description, project_link, status) VALUES (49, 'bebe', 'Practical Software Engineering', 49, 'The goal of the project is to develop a narrative-driven platformer-puzzle game featuring a unique energy-transfer mechanic. The player explores a sketchy, torn-paper world, using a portable lightbulb as a source of power to interact with the environment by placing it into various receivers. The story unfolds through text pop-ups, delivering a lo-fi, heartfelt narrative. The visual style embraces messy, hand-drawn sketches, while the soundtrack consists of raw a cappella recordings, reinforcing the game''s intimate, improvised atmosphere. The project is a collaborative effort between artists, writers, programmers, and sound designers, each contributing to a deliberately scrappy and expressive experience.', 'https://github.com/evening-jam', 'IN_PROGRESS') ON CONFLICT (id) DO NOTHING;
INSERT INTO project (id, name, course_name, team_lead_id, description, project_link, status) VALUES (50, 'bebe', 'Practical Software Engineering', 50, 'The goal of the project is to develop a narrative-driven platformer-puzzle game featuring a unique energy-transfer mechanic. The player explores a sketchy, torn-paper world, using a portable lightbulb as a source of power to interact with the environment by placing it into various receivers. The story unfolds through text pop-ups, delivering a lo-fi, heartfelt narrative. The visual style embraces messy, hand-drawn sketches, while the soundtrack consists of raw a cappella recordings, reinforcing the game''s intimate, improvised atmosphere. The project is a collaborative effort between artists, writers, programmers, and sound designers, each contributing to a deliberately scrappy and expressive experience.', 'https://github.com/evening-jam', 'IN_PROGRESS') ON CONFLICT (id) DO NOTHING;


INSERT INTO project_member (project_id, member_id) VALUES (1, 1) ON CONFLICT DO NOTHING;
INSERT INTO project_member (project_id, member_id) VALUES (1, 50) ON CONFLICT DO NOTHING;
INSERT INTO project_member (project_id, member_id) VALUES (1, 99) ON CONFLICT DO NOTHING;
INSERT INTO project_member (project_id, member_id) VALUES (2, 2) ON CONFLICT DO NOTHING;
INSERT INTO project_member (project_id, member_id) VALUES (2, 51) ON CONFLICT DO NOTHING;
INSERT INTO project_member (project_id, member_id) VALUES (2, 100) ON CONFLICT DO NOTHING;
INSERT INTO project_member (project_id, member_id) VALUES (3, 3) ON CONFLICT DO NOTHING;
INSERT INTO project_member (project_id, member_id) VALUES (3, 52) ON CONFLICT DO NOTHING;
INSERT INTO project_member (project_id, member_id) VALUES (3, 101) ON CONFLICT DO NOTHING;
INSERT INTO project_member (project_id, member_id) VALUES (4, 4) ON CONFLICT DO NOTHING;
INSERT INTO project_member (project_id, member_id) VALUES (4, 53) ON CONFLICT DO NOTHING;
INSERT INTO project_member (project_id, member_id) VALUES (4, 102) ON CONFLICT DO NOTHING;
INSERT INTO project_member (project_id, member_id) VALUES (5, 5) ON CONFLICT DO NOTHING;
INSERT INTO project_member (project_id, member_id) VALUES (5, 54) ON CONFLICT DO NOTHING;
INSERT INTO project_member (project_id, member_id) VALUES (5, 103) ON CONFLICT DO NOTHING;
INSERT INTO project_member (project_id, member_id) VALUES (6, 6) ON CONFLICT DO NOTHING;
INSERT INTO project_member (project_id, member_id) VALUES (6, 55) ON CONFLICT DO NOTHING;
INSERT INTO project_member (project_id, member_id) VALUES (6, 104) ON CONFLICT DO NOTHING;
INSERT INTO project_member (project_id, member_id) VALUES (7, 7) ON CONFLICT DO NOTHING;
INSERT INTO project_member (project_id, member_id) VALUES (7, 56) ON CONFLICT DO NOTHING;
INSERT INTO project_member (project_id, member_id) VALUES (7, 105) ON CONFLICT DO NOTHING;
INSERT INTO project_member (project_id, member_id) VALUES (8, 8) ON CONFLICT DO NOTHING;
INSERT INTO project_member (project_id, member_id) VALUES (8, 57) ON CONFLICT DO NOTHING;
INSERT INTO project_member (project_id, member_id) VALUES (8, 106) ON CONFLICT DO NOTHING;
INSERT INTO project_member (project_id, member_id) VALUES (9, 9) ON CONFLICT DO NOTHING;
INSERT INTO project_member (project_id, member_id) VALUES (9, 58) ON CONFLICT DO NOTHING;
INSERT INTO project_member (project_id, member_id) VALUES (9, 107) ON CONFLICT DO NOTHING;
INSERT INTO project_member (project_id, member_id) VALUES (10, 10) ON CONFLICT DO NOTHING;
INSERT INTO project_member (project_id, member_id) VALUES (10, 59) ON CONFLICT DO NOTHING;
INSERT INTO project_member (project_id, member_id) VALUES (10, 108) ON CONFLICT DO NOTHING;
INSERT INTO project_member (project_id, member_id) VALUES (11, 11) ON CONFLICT DO NOTHING;
INSERT INTO project_member (project_id, member_id) VALUES (11, 60) ON CONFLICT DO NOTHING;
INSERT INTO project_member (project_id, member_id) VALUES (11, 109) ON CONFLICT DO NOTHING;
INSERT INTO project_member (project_id, member_id) VALUES (12, 12) ON CONFLICT DO NOTHING;
INSERT INTO project_member (project_id, member_id) VALUES (12, 61) ON CONFLICT DO NOTHING;
INSERT INTO project_member (project_id, member_id) VALUES (12, 110) ON CONFLICT DO NOTHING;
INSERT INTO project_member (project_id, member_id) VALUES (13, 13) ON CONFLICT DO NOTHING;
INSERT INTO project_member (project_id, member_id) VALUES (13, 62) ON CONFLICT DO NOTHING;
INSERT INTO project_member (project_id, member_id) VALUES (13, 111) ON CONFLICT DO NOTHING;
INSERT INTO project_member (project_id, member_id) VALUES (14, 14) ON CONFLICT DO NOTHING;
INSERT INTO project_member (project_id, member_id) VALUES (14, 63) ON CONFLICT DO NOTHING;
INSERT INTO project_member (project_id, member_id) VALUES (14, 112) ON CONFLICT DO NOTHING;
INSERT INTO project_member (project_id, member_id) VALUES (15, 15) ON CONFLICT DO NOTHING;
INSERT INTO project_member (project_id, member_id) VALUES (15, 64) ON CONFLICT DO NOTHING;
INSERT INTO project_member (project_id, member_id) VALUES (15, 113) ON CONFLICT DO NOTHING;
INSERT INTO project_member (project_id, member_id) VALUES (16, 16) ON CONFLICT DO NOTHING;
INSERT INTO project_member (project_id, member_id) VALUES (16, 65) ON CONFLICT DO NOTHING;
INSERT INTO project_member (project_id, member_id) VALUES (16, 114) ON CONFLICT DO NOTHING;
INSERT INTO project_member (project_id, member_id) VALUES (17, 17) ON CONFLICT DO NOTHING;
INSERT INTO project_member (project_id, member_id) VALUES (17, 66) ON CONFLICT DO NOTHING;
INSERT INTO project_member (project_id, member_id) VALUES (17, 115) ON CONFLICT DO NOTHING;
INSERT INTO project_member (project_id, member_id) VALUES (18, 18) ON CONFLICT DO NOTHING;
INSERT INTO project_member (project_id, member_id) VALUES (18, 67) ON CONFLICT DO NOTHING;
INSERT INTO project_member (project_id, member_id) VALUES (18, 116) ON CONFLICT DO NOTHING;
INSERT INTO project_member (project_id, member_id) VALUES (19, 19) ON CONFLICT DO NOTHING;
INSERT INTO project_member (project_id, member_id) VALUES (19, 68) ON CONFLICT DO NOTHING;
INSERT INTO project_member (project_id, member_id) VALUES (19, 117) ON CONFLICT DO NOTHING;
INSERT INTO project_member (project_id, member_id) VALUES (20, 20) ON CONFLICT DO NOTHING;
INSERT INTO project_member (project_id, member_id) VALUES (20, 69) ON CONFLICT DO NOTHING;
INSERT INTO project_member (project_id, member_id) VALUES (20, 118) ON CONFLICT DO NOTHING;
INSERT INTO project_member (project_id, member_id) VALUES (21, 21) ON CONFLICT DO NOTHING;
INSERT INTO project_member (project_id, member_id) VALUES (21, 70) ON CONFLICT DO NOTHING;
INSERT INTO project_member (project_id, member_id) VALUES (21, 119) ON CONFLICT DO NOTHING;
INSERT INTO project_member (project_id, member_id) VALUES (22, 22) ON CONFLICT DO NOTHING;
INSERT INTO project_member (project_id, member_id) VALUES (22, 71) ON CONFLICT DO NOTHING;
INSERT INTO project_member (project_id, member_id) VALUES (22, 120) ON CONFLICT DO NOTHING;
INSERT INTO project_member (project_id, member_id) VALUES (23, 23) ON CONFLICT DO NOTHING;
INSERT INTO project_member (project_id, member_id) VALUES (23, 72) ON CONFLICT DO NOTHING;
INSERT INTO project_member (project_id, member_id) VALUES (23, 121) ON CONFLICT DO NOTHING;
INSERT INTO project_member (project_id, member_id) VALUES (24, 24) ON CONFLICT DO NOTHING;
INSERT INTO project_member (project_id, member_id) VALUES (24, 73) ON CONFLICT DO NOTHING;
INSERT INTO project_member (project_id, member_id) VALUES (24, 122) ON CONFLICT DO NOTHING;
INSERT INTO project_member (project_id, member_id) VALUES (25, 25) ON CONFLICT DO NOTHING;
INSERT INTO project_member (project_id, member_id) VALUES (25, 74) ON CONFLICT DO NOTHING;
INSERT INTO project_member (project_id, member_id) VALUES (25, 123) ON CONFLICT DO NOTHING;
INSERT INTO project_member (project_id, member_id) VALUES (26, 26) ON CONFLICT DO NOTHING;
INSERT INTO project_member (project_id, member_id) VALUES (26, 75) ON CONFLICT DO NOTHING;
INSERT INTO project_member (project_id, member_id) VALUES (26, 124) ON CONFLICT DO NOTHING;
INSERT INTO project_member (project_id, member_id) VALUES (27, 27) ON CONFLICT DO NOTHING;
INSERT INTO project_member (project_id, member_id) VALUES (27, 76) ON CONFLICT DO NOTHING;
INSERT INTO project_member (project_id, member_id) VALUES (27, 125) ON CONFLICT DO NOTHING;
INSERT INTO project_member (project_id, member_id) VALUES (28, 28) ON CONFLICT DO NOTHING;
INSERT INTO project_member (project_id, member_id) VALUES (28, 77) ON CONFLICT DO NOTHING;
INSERT INTO project_member (project_id, member_id) VALUES (28, 126) ON CONFLICT DO NOTHING;
INSERT INTO project_member (project_id, member_id) VALUES (29, 29) ON CONFLICT DO NOTHING;
INSERT INTO project_member (project_id, member_id) VALUES (29, 78) ON CONFLICT DO NOTHING;
INSERT INTO project_member (project_id, member_id) VALUES (29, 127) ON CONFLICT DO NOTHING;
INSERT INTO project_member (project_id, member_id) VALUES (30, 30) ON CONFLICT DO NOTHING;
INSERT INTO project_member (project_id, member_id) VALUES (30, 79) ON CONFLICT DO NOTHING;
INSERT INTO project_member (project_id, member_id) VALUES (30, 128) ON CONFLICT DO NOTHING;
INSERT INTO project_member (project_id, member_id) VALUES (31, 31) ON CONFLICT DO NOTHING;
INSERT INTO project_member (project_id, member_id) VALUES (31, 80) ON CONFLICT DO NOTHING;
INSERT INTO project_member (project_id, member_id) VALUES (31, 129) ON CONFLICT DO NOTHING;
INSERT INTO project_member (project_id, member_id) VALUES (32, 32) ON CONFLICT DO NOTHING;
INSERT INTO project_member (project_id, member_id) VALUES (32, 81) ON CONFLICT DO NOTHING;
INSERT INTO project_member (project_id, member_id) VALUES (32, 130) ON CONFLICT DO NOTHING;
INSERT INTO project_member (project_id, member_id) VALUES (33, 33) ON CONFLICT DO NOTHING;
INSERT INTO project_member (project_id, member_id) VALUES (33, 82) ON CONFLICT DO NOTHING;
INSERT INTO project_member (project_id, member_id) VALUES (33, 131) ON CONFLICT DO NOTHING;
INSERT INTO project_member (project_id, member_id) VALUES (34, 34) ON CONFLICT DO NOTHING;
INSERT INTO project_member (project_id, member_id) VALUES (34, 83) ON CONFLICT DO NOTHING;
INSERT INTO project_member (project_id, member_id) VALUES (34, 132) ON CONFLICT DO NOTHING;
INSERT INTO project_member (project_id, member_id) VALUES (35, 35) ON CONFLICT DO NOTHING;
INSERT INTO project_member (project_id, member_id) VALUES (35, 84) ON CONFLICT DO NOTHING;
INSERT INTO project_member (project_id, member_id) VALUES (35, 133) ON CONFLICT DO NOTHING;
INSERT INTO project_member (project_id, member_id) VALUES (36, 36) ON CONFLICT DO NOTHING;
INSERT INTO project_member (project_id, member_id) VALUES (36, 85) ON CONFLICT DO NOTHING;
INSERT INTO project_member (project_id, member_id) VALUES (36, 134) ON CONFLICT DO NOTHING;
INSERT INTO project_member (project_id, member_id) VALUES (37, 37) ON CONFLICT DO NOTHING;
INSERT INTO project_member (project_id, member_id) VALUES (37, 86) ON CONFLICT DO NOTHING;
INSERT INTO project_member (project_id, member_id) VALUES (37, 135) ON CONFLICT DO NOTHING;
INSERT INTO project_member (project_id, member_id) VALUES (38, 38) ON CONFLICT DO NOTHING;
INSERT INTO project_member (project_id, member_id) VALUES (38, 87) ON CONFLICT DO NOTHING;
INSERT INTO project_member (project_id, member_id) VALUES (38, 136) ON CONFLICT DO NOTHING;
INSERT INTO project_member (project_id, member_id) VALUES (39, 39) ON CONFLICT DO NOTHING;
INSERT INTO project_member (project_id, member_id) VALUES (39, 88) ON CONFLICT DO NOTHING;
INSERT INTO project_member (project_id, member_id) VALUES (39, 137) ON CONFLICT DO NOTHING;
INSERT INTO project_member (project_id, member_id) VALUES (40, 40) ON CONFLICT DO NOTHING;
INSERT INTO project_member (project_id, member_id) VALUES (40, 89) ON CONFLICT DO NOTHING;
INSERT INTO project_member (project_id, member_id) VALUES (40, 138) ON CONFLICT DO NOTHING;
INSERT INTO project_member (project_id, member_id) VALUES (41, 41) ON CONFLICT DO NOTHING;
INSERT INTO project_member (project_id, member_id) VALUES (41, 90) ON CONFLICT DO NOTHING;
INSERT INTO project_member (project_id, member_id) VALUES (41, 139) ON CONFLICT DO NOTHING;
INSERT INTO project_member (project_id, member_id) VALUES (42, 42) ON CONFLICT DO NOTHING;
INSERT INTO project_member (project_id, member_id) VALUES (42, 91) ON CONFLICT DO NOTHING;
INSERT INTO project_member (project_id, member_id) VALUES (42, 140) ON CONFLICT DO NOTHING;
INSERT INTO project_member (project_id, member_id) VALUES (43, 43) ON CONFLICT DO NOTHING;
INSERT INTO project_member (project_id, member_id) VALUES (43, 92) ON CONFLICT DO NOTHING;
INSERT INTO project_member (project_id, member_id) VALUES (43, 141) ON CONFLICT DO NOTHING;
INSERT INTO project_member (project_id, member_id) VALUES (44, 44) ON CONFLICT DO NOTHING;
INSERT INTO project_member (project_id, member_id) VALUES (44, 93) ON CONFLICT DO NOTHING;
INSERT INTO project_member (project_id, member_id) VALUES (44, 142) ON CONFLICT DO NOTHING;
INSERT INTO project_member (project_id, member_id) VALUES (45, 45) ON CONFLICT DO NOTHING;
INSERT INTO project_member (project_id, member_id) VALUES (45, 94) ON CONFLICT DO NOTHING;
INSERT INTO project_member (project_id, member_id) VALUES (45, 143) ON CONFLICT DO NOTHING;
INSERT INTO project_member (project_id, member_id) VALUES (46, 46) ON CONFLICT DO NOTHING;
INSERT INTO project_member (project_id, member_id) VALUES (46, 95) ON CONFLICT DO NOTHING;
INSERT INTO project_member (project_id, member_id) VALUES (46, 144) ON CONFLICT DO NOTHING;
INSERT INTO project_member (project_id, member_id) VALUES (47, 47) ON CONFLICT DO NOTHING;
INSERT INTO project_member (project_id, member_id) VALUES (47, 96) ON CONFLICT DO NOTHING;
INSERT INTO project_member (project_id, member_id) VALUES (47, 145) ON CONFLICT DO NOTHING;
INSERT INTO project_member (project_id, member_id) VALUES (48, 48) ON CONFLICT DO NOTHING;
INSERT INTO project_member (project_id, member_id) VALUES (48, 97) ON CONFLICT DO NOTHING;
INSERT INTO project_member (project_id, member_id) VALUES (48, 146) ON CONFLICT DO NOTHING;
INSERT INTO project_member (project_id, member_id) VALUES (49, 49) ON CONFLICT DO NOTHING;
INSERT INTO project_member (project_id, member_id) VALUES (49, 98) ON CONFLICT DO NOTHING;
INSERT INTO project_member (project_id, member_id) VALUES (49, 147) ON CONFLICT DO NOTHING;
INSERT INTO project_member (project_id, member_id) VALUES (50, 50) ON CONFLICT DO NOTHING;
INSERT INTO project_member (project_id, member_id) VALUES (50, 99) ON CONFLICT DO NOTHING;
INSERT INTO project_member (project_id, member_id) VALUES (50, 100) ON CONFLICT DO NOTHING;


INSERT INTO student_skill (student_id, skill_id) VALUES (1, 1) ON CONFLICT DO NOTHING;
INSERT INTO student_skill (student_id, skill_id) VALUES (1, 42) ON CONFLICT DO NOTHING;
INSERT INTO student_skill (student_id, skill_id) VALUES (1, 43) ON CONFLICT DO NOTHING;
INSERT INTO student_skill (student_id, skill_id) VALUES (1, 47) ON CONFLICT DO NOTHING;
INSERT INTO student_skill (student_id, skill_id) VALUES (1, 44) ON CONFLICT DO NOTHING;
INSERT INTO student_skill (student_id, skill_id) VALUES (1, 85) ON CONFLICT DO NOTHING;
INSERT INTO student_skill (student_id, skill_id) VALUES (1, 25) ON CONFLICT DO NOTHING;
INSERT INTO student_skill (student_id, skill_id) VALUES (1, 81) ON CONFLICT DO NOTHING;
INSERT INTO student_skill (student_id, skill_id) VALUES (2, 1) ON CONFLICT DO NOTHING;
INSERT INTO student_skill (student_id, skill_id) VALUES (2, 42) ON CONFLICT DO NOTHING;
INSERT INTO student_skill (student_id, skill_id) VALUES (2, 43) ON CONFLICT DO NOTHING;
INSERT INTO student_skill (student_id, skill_id) VALUES (2, 47) ON CONFLICT DO NOTHING;
INSERT INTO student_skill (student_id, skill_id) VALUES (2, 113) ON CONFLICT DO NOTHING;
INSERT INTO student_skill (student_id, skill_id) VALUES (2, 46) ON CONFLICT DO NOTHING;
INSERT INTO student_skill (student_id, skill_id) VALUES (2, 6) ON CONFLICT DO NOTHING;
INSERT INTO student_skill (student_id, skill_id) VALUES (2, 22) ON CONFLICT DO NOTHING;
INSERT INTO student_skill (student_id, skill_id) VALUES (3, 1) ON CONFLICT DO NOTHING;
INSERT INTO student_skill (student_id, skill_id) VALUES (3, 42) ON CONFLICT DO NOTHING;
INSERT INTO student_skill (student_id, skill_id) VALUES (3, 43) ON CONFLICT DO NOTHING;
INSERT INTO student_skill (student_id, skill_id) VALUES (3, 47) ON CONFLICT DO NOTHING;
INSERT INTO student_skill (student_id, skill_id) VALUES (3, 35) ON CONFLICT DO NOTHING;
INSERT INTO student_skill (student_id, skill_id) VALUES (3, 22) ON CONFLICT DO NOTHING;
INSERT INTO student_skill (student_id, skill_id) VALUES (3, 56) ON CONFLICT DO NOTHING;
INSERT INTO student_skill (student_id, skill_id) VALUES (3, 40) ON CONFLICT DO NOTHING;
INSERT INTO student_skill (student_id, skill_id) VALUES (3, 11) ON CONFLICT DO NOTHING;
INSERT INTO student_skill (student_id, skill_id) VALUES (3, 88) ON CONFLICT DO NOTHING;
INSERT INTO student_skill (student_id, skill_id) VALUES (4, 7) ON CONFLICT DO NOTHING;
INSERT INTO student_skill (student_id, skill_id) VALUES (4, 76) ON CONFLICT DO NOTHING;
INSERT INTO student_skill (student_id, skill_id) VALUES (5, 2) ON CONFLICT DO NOTHING;
INSERT INTO student_skill (student_id, skill_id) VALUES (5, 68) ON CONFLICT DO NOTHING;
INSERT INTO student_skill (student_id, skill_id) VALUES (5, 62) ON CONFLICT DO NOTHING;
INSERT INTO student_skill (student_id, skill_id) VALUES (5, 47) ON CONFLICT DO NOTHING;
INSERT INTO student_skill (student_id, skill_id) VALUES (5, 61) ON CONFLICT DO NOTHING;
INSERT INTO student_skill (student_id, skill_id) VALUES (6, 1) ON CONFLICT DO NOTHING;
INSERT INTO student_skill (student_id, skill_id) VALUES (6, 42) ON CONFLICT DO NOTHING;
INSERT INTO student_skill (student_id, skill_id) VALUES (6, 43) ON CONFLICT DO NOTHING;
INSERT INTO student_skill (student_id, skill_id) VALUES (6, 47) ON CONFLICT DO NOTHING;
INSERT INTO student_skill (student_id, skill_id) VALUES (6, 35) ON CONFLICT DO NOTHING;
INSERT INTO student_skill (student_id, skill_id) VALUES (6, 62) ON CONFLICT DO NOTHING;
INSERT INTO student_skill (student_id, skill_id) VALUES (6, 31) ON CONFLICT DO NOTHING;
INSERT INTO student_skill (student_id, skill_id) VALUES (6, 55) ON CONFLICT DO NOTHING;
INSERT INTO student_skill (student_id, skill_id) VALUES (6, 58) ON CONFLICT DO NOTHING;
INSERT INTO student_skill (student_id, skill_id) VALUES (7, 2) ON CONFLICT DO NOTHING;
INSERT INTO student_skill (student_id, skill_id) VALUES (7, 75) ON CONFLICT DO NOTHING;
INSERT INTO student_skill (student_id, skill_id) VALUES (8, 1) ON CONFLICT DO NOTHING;
INSERT INTO student_skill (student_id, skill_id) VALUES (8, 42) ON CONFLICT DO NOTHING;
INSERT INTO student_skill (student_id, skill_id) VALUES (8, 43) ON CONFLICT DO NOTHING;
INSERT INTO student_skill (student_id, skill_id) VALUES (8, 47) ON CONFLICT DO NOTHING;
INSERT INTO student_skill (student_id, skill_id) VALUES (8, 23) ON CONFLICT DO NOTHING;
INSERT INTO student_skill (student_id, skill_id) VALUES (8, 112) ON CONFLICT DO NOTHING;
INSERT INTO student_skill (student_id, skill_id) VALUES (8, 74) ON CONFLICT DO NOTHING;
INSERT INTO student_skill (student_id, skill_id) VALUES (9, 2) ON CONFLICT DO NOTHING;
INSERT INTO student_skill (student_id, skill_id) VALUES (9, 49) ON CONFLICT DO NOTHING;
INSERT INTO student_skill (student_id, skill_id) VALUES (9, 50) ON CONFLICT DO NOTHING;
INSERT INTO student_skill (student_id, skill_id) VALUES (9, 51) ON CONFLICT DO NOTHING;
INSERT INTO student_skill (student_id, skill_id) VALUES (9, 86) ON CONFLICT DO NOTHING;
INSERT INTO student_skill (student_id, skill_id) VALUES (9, 48) ON CONFLICT DO NOTHING;
INSERT INTO student_skill (student_id, skill_id) VALUES (9, 98) ON CONFLICT DO NOTHING;
INSERT INTO student_skill (student_id, skill_id) VALUES (9, 94) ON CONFLICT DO NOTHING;
INSERT INTO student_skill (student_id, skill_id) VALUES (10, 2) ON CONFLICT DO NOTHING;
INSERT INTO student_skill (student_id, skill_id) VALUES (10, 30) ON CONFLICT DO NOTHING;
INSERT INTO student_skill (student_id, skill_id) VALUES (10, 26) ON CONFLICT DO NOTHING;
INSERT INTO student_skill (student_id, skill_id) VALUES (10, 79) ON CONFLICT DO NOTHING;
INSERT INTO student_skill (student_id, skill_id) VALUES (11, 2) ON CONFLICT DO NOTHING;
INSERT INTO student_skill (student_id, skill_id) VALUES (11, 114) ON CONFLICT DO NOTHING;
INSERT INTO student_skill (student_id, skill_id) VALUES (11, 52) ON CONFLICT DO NOTHING;
INSERT INTO student_skill (student_id, skill_id) VALUES (11, 55) ON CONFLICT DO NOTHING;
INSERT INTO student_skill (student_id, skill_id) VALUES (11, 48) ON CONFLICT DO NOTHING;
INSERT INTO student_skill (student_id, skill_id) VALUES (11, 98) ON CONFLICT DO NOTHING;
INSERT INTO student_skill (student_id, skill_id) VALUES (11, 94) ON CONFLICT DO NOTHING;
INSERT INTO student_skill (student_id, skill_id) VALUES (12, 1) ON CONFLICT DO NOTHING;
INSERT INTO student_skill (student_id, skill_id) VALUES (12, 39) ON CONFLICT DO NOTHING;
INSERT INTO student_skill (student_id, skill_id) VALUES (12, 41) ON CONFLICT DO NOTHING;
INSERT INTO student_skill (student_id, skill_id) VALUES (12, 98) ON CONFLICT DO NOTHING;
INSERT INTO student_skill (student_id, skill_id) VALUES (12, 12) ON CONFLICT DO NOTHING;
INSERT INTO student_skill (student_id, skill_id) VALUES (12, 24) ON CONFLICT DO NOTHING;
INSERT INTO student_skill (student_id, skill_id) VALUES (13, 1) ON CONFLICT DO NOTHING;
INSERT INTO student_skill (student_id, skill_id) VALUES (13, 42) ON CONFLICT DO NOTHING;
INSERT INTO student_skill (student_id, skill_id) VALUES (13, 43) ON CONFLICT DO NOTHING;
INSERT INTO student_skill (student_id, skill_id) VALUES (13, 47) ON CONFLICT DO NOTHING;
INSERT INTO student_skill (student_id, skill_id) VALUES (13, 35) ON CONFLICT DO NOTHING;
INSERT INTO student_skill (student_id, skill_id) VALUES (13, 40) ON CONFLICT DO NOTHING;
INSERT INTO student_skill (student_id, skill_id) VALUES (13, 11) ON CONFLICT DO NOTHING;
INSERT INTO student_skill (student_id, skill_id) VALUES (13, 88) ON CONFLICT DO NOTHING;
INSERT INTO student_skill (student_id, skill_id) VALUES (14, 2) ON CONFLICT DO NOTHING;
INSERT INTO student_skill (student_id, skill_id) VALUES (14, 75) ON CONFLICT DO NOTHING;
INSERT INTO student_skill (student_id, skill_id) VALUES (15, 1) ON CONFLICT DO NOTHING;
INSERT INTO student_skill (student_id, skill_id) VALUES (15, 120) ON CONFLICT DO NOTHING;
INSERT INTO student_skill (student_id, skill_id) VALUES (15, 39) ON CONFLICT DO NOTHING;
INSERT INTO student_skill (student_id, skill_id) VALUES (15, 41) ON CONFLICT DO NOTHING;
INSERT INTO student_skill (student_id, skill_id) VALUES (16, 1) ON CONFLICT DO NOTHING;
INSERT INTO student_skill (student_id, skill_id) VALUES (16, 42) ON CONFLICT DO NOTHING;
INSERT INTO student_skill (student_id, skill_id) VALUES (16, 43) ON CONFLICT DO NOTHING;
INSERT INTO student_skill (student_id, skill_id) VALUES (16, 47) ON CONFLICT DO NOTHING;
INSERT INTO student_skill (student_id, skill_id) VALUES (16, 44) ON CONFLICT DO NOTHING;
INSERT INTO student_skill (student_id, skill_id) VALUES (16, 126) ON CONFLICT DO NOTHING;
INSERT INTO student_skill (student_id, skill_id) VALUES (16, 35) ON CONFLICT DO NOTHING;
INSERT INTO student_skill (student_id, skill_id) VALUES (16, 75) ON CONFLICT DO NOTHING;
INSERT INTO student_skill (student_id, skill_id) VALUES (16, 96) ON CONFLICT DO NOTHING;
INSERT INTO student_skill (student_id, skill_id) VALUES (17, 2) ON CONFLICT DO NOTHING;
INSERT INTO student_skill (student_id, skill_id) VALUES (17, 6) ON CONFLICT DO NOTHING;
INSERT INTO student_skill (student_id, skill_id) VALUES (17, 116) ON CONFLICT DO NOTHING;
INSERT INTO student_skill (student_id, skill_id) VALUES (17, 85) ON CONFLICT DO NOTHING;
INSERT INTO student_skill (student_id, skill_id) VALUES (18, 4) ON CONFLICT DO NOTHING;
INSERT INTO student_skill (student_id, skill_id) VALUES (18, 64) ON CONFLICT DO NOTHING;
INSERT INTO student_skill (student_id, skill_id) VALUES (18, 65) ON CONFLICT DO NOTHING;
INSERT INTO student_skill (student_id, skill_id) VALUES (18, 118) ON CONFLICT DO NOTHING;
INSERT INTO student_skill (student_id, skill_id) VALUES (18, 60) ON CONFLICT DO NOTHING;
INSERT INTO student_skill (student_id, skill_id) VALUES (18, 86) ON CONFLICT DO NOTHING;
INSERT INTO student_skill (student_id, skill_id) VALUES (19, 2) ON CONFLICT DO NOTHING;
INSERT INTO student_skill (student_id, skill_id) VALUES (19, 74) ON CONFLICT DO NOTHING;
INSERT INTO student_skill (student_id, skill_id) VALUES (19, 76) ON CONFLICT DO NOTHING;
INSERT INTO student_skill (student_id, skill_id) VALUES (19, 81) ON CONFLICT DO NOTHING;
INSERT INTO student_skill (student_id, skill_id) VALUES (19, 83) ON CONFLICT DO NOTHING;
INSERT INTO student_skill (student_id, skill_id) VALUES (20, 7) ON CONFLICT DO NOTHING;
INSERT INTO student_skill (student_id, skill_id) VALUES (20, 78) ON CONFLICT DO NOTHING;
INSERT INTO student_skill (student_id, skill_id) VALUES (20, 79) ON CONFLICT DO NOTHING;
INSERT INTO student_skill (student_id, skill_id) VALUES (20, 80) ON CONFLICT DO NOTHING;
INSERT INTO student_skill (student_id, skill_id) VALUES (20, 104) ON CONFLICT DO NOTHING;
INSERT INTO student_skill (student_id, skill_id) VALUES (20, 4) ON CONFLICT DO NOTHING;
INSERT INTO student_skill (student_id, skill_id) VALUES (20, 86) ON CONFLICT DO NOTHING;
INSERT INTO student_skill (student_id, skill_id) VALUES (21, 2) ON CONFLICT DO NOTHING;
INSERT INTO student_skill (student_id, skill_id) VALUES (21, 6) ON CONFLICT DO NOTHING;
INSERT INTO student_skill (student_id, skill_id) VALUES (21, 90) ON CONFLICT DO NOTHING;
INSERT INTO student_skill (student_id, skill_id) VALUES (21, 91) ON CONFLICT DO NOTHING;
INSERT INTO student_skill (student_id, skill_id) VALUES (21, 29) ON CONFLICT DO NOTHING;
INSERT INTO student_skill (student_id, skill_id) VALUES (21, 65) ON CONFLICT DO NOTHING;
INSERT INTO student_skill (student_id, skill_id) VALUES (22, 1) ON CONFLICT DO NOTHING;
INSERT INTO student_skill (student_id, skill_id) VALUES (22, 42) ON CONFLICT DO NOTHING;
INSERT INTO student_skill (student_id, skill_id) VALUES (22, 43) ON CONFLICT DO NOTHING;
INSERT INTO student_skill (student_id, skill_id) VALUES (22, 47) ON CONFLICT DO NOTHING;
INSERT INTO student_skill (student_id, skill_id) VALUES (22, 20) ON CONFLICT DO NOTHING;
INSERT INTO student_skill (student_id, skill_id) VALUES (22, 39) ON CONFLICT DO NOTHING;
INSERT INTO student_skill (student_id, skill_id) VALUES (23, 1) ON CONFLICT DO NOTHING;
INSERT INTO student_skill (student_id, skill_id) VALUES (23, 42) ON CONFLICT DO NOTHING;
INSERT INTO student_skill (student_id, skill_id) VALUES (23, 43) ON CONFLICT DO NOTHING;
INSERT INTO student_skill (student_id, skill_id) VALUES (23, 47) ON CONFLICT DO NOTHING;
INSERT INTO student_skill (student_id, skill_id) VALUES (23, 46) ON CONFLICT DO NOTHING;
INSERT INTO student_skill (student_id, skill_id) VALUES (23, 20) ON CONFLICT DO NOTHING;
INSERT INTO student_skill (student_id, skill_id) VALUES (23, 112) ON CONFLICT DO NOTHING;
INSERT INTO student_skill (student_id, skill_id) VALUES (23, 23) ON CONFLICT DO NOTHING;
INSERT INTO student_skill (student_id, skill_id) VALUES (23, 91) ON CONFLICT DO NOTHING;
INSERT INTO student_skill (student_id, skill_id) VALUES (23, 65) ON CONFLICT DO NOTHING;
INSERT INTO student_skill (student_id, skill_id) VALUES (24, 1) ON CONFLICT DO NOTHING;
INSERT INTO student_skill (student_id, skill_id) VALUES (24, 42) ON CONFLICT DO NOTHING;
INSERT INTO student_skill (student_id, skill_id) VALUES (24, 43) ON CONFLICT DO NOTHING;
INSERT INTO student_skill (student_id, skill_id) VALUES (24, 47) ON CONFLICT DO NOTHING;
INSERT INTO student_skill (student_id, skill_id) VALUES (24, 35) ON CONFLICT DO NOTHING;
INSERT INTO student_skill (student_id, skill_id) VALUES (24, 46) ON CONFLICT DO NOTHING;
INSERT INTO student_skill (student_id, skill_id) VALUES (24, 20) ON CONFLICT DO NOTHING;
INSERT INTO student_skill (student_id, skill_id) VALUES (24, 23) ON CONFLICT DO NOTHING;
INSERT INTO student_skill (student_id, skill_id) VALUES (24, 91) ON CONFLICT DO NOTHING;
INSERT INTO student_skill (student_id, skill_id) VALUES (24, 65) ON CONFLICT DO NOTHING;
INSERT INTO student_skill (student_id, skill_id) VALUES (25, 1) ON CONFLICT DO NOTHING;
INSERT INTO student_skill (student_id, skill_id) VALUES (25, 42) ON CONFLICT DO NOTHING;
INSERT INTO student_skill (student_id, skill_id) VALUES (25, 43) ON CONFLICT DO NOTHING;
INSERT INTO student_skill (student_id, skill_id) VALUES (25, 47) ON CONFLICT DO NOTHING;
INSERT INTO student_skill (student_id, skill_id) VALUES (25, 23) ON CONFLICT DO NOTHING;
INSERT INTO student_skill (student_id, skill_id) VALUES (25, 18) ON CONFLICT DO NOTHING;
INSERT INTO student_skill (student_id, skill_id) VALUES (25, 112) ON CONFLICT DO NOTHING;
INSERT INTO student_skill (student_id, skill_id) VALUES (25, 65) ON CONFLICT DO NOTHING;
INSERT INTO student_skill (student_id, skill_id) VALUES (26, 2) ON CONFLICT DO NOTHING;
INSERT INTO student_skill (student_id, skill_id) VALUES (26, 57) ON CONFLICT DO NOTHING;
INSERT INTO student_skill (student_id, skill_id) VALUES (26, 79) ON CONFLICT DO NOTHING;
INSERT INTO student_skill (student_id, skill_id) VALUES (26, 20) ON CONFLICT DO NOTHING;
INSERT INTO student_skill (student_id, skill_id) VALUES (27, 2) ON CONFLICT DO NOTHING;
INSERT INTO student_skill (student_id, skill_id) VALUES (27, 49) ON CONFLICT DO NOTHING;
INSERT INTO student_skill (student_id, skill_id) VALUES (27, 50) ON CONFLICT DO NOTHING;
INSERT INTO student_skill (student_id, skill_id) VALUES (27, 114) ON CONFLICT DO NOTHING;
INSERT INTO student_skill (student_id, skill_id) VALUES (27, 18) ON CONFLICT DO NOTHING;
INSERT INTO student_skill (student_id, skill_id) VALUES (27, 80) ON CONFLICT DO NOTHING;
INSERT INTO student_skill (student_id, skill_id) VALUES (27, 47) ON CONFLICT DO NOTHING;
INSERT INTO student_skill (student_id, skill_id) VALUES (28, 1) ON CONFLICT DO NOTHING;
INSERT INTO student_skill (student_id, skill_id) VALUES (28, 39) ON CONFLICT DO NOTHING;
INSERT INTO student_skill (student_id, skill_id) VALUES (28, 121) ON CONFLICT DO NOTHING;
INSERT INTO student_skill (student_id, skill_id) VALUES (29, 1) ON CONFLICT DO NOTHING;
INSERT INTO student_skill (student_id, skill_id) VALUES (29, 42) ON CONFLICT DO NOTHING;
INSERT INTO student_skill (student_id, skill_id) VALUES (29, 43) ON CONFLICT DO NOTHING;
INSERT INTO student_skill (student_id, skill_id) VALUES (29, 47) ON CONFLICT DO NOTHING;
INSERT INTO student_skill (student_id, skill_id) VALUES (29, 22) ON CONFLICT DO NOTHING;
INSERT INTO student_skill (student_id, skill_id) VALUES (29, 56) ON CONFLICT DO NOTHING;
INSERT INTO student_skill (student_id, skill_id) VALUES (29, 40) ON CONFLICT DO NOTHING;
INSERT INTO student_skill (student_id, skill_id) VALUES (30, 2) ON CONFLICT DO NOTHING;
INSERT INTO student_skill (student_id, skill_id) VALUES (30, 90) ON CONFLICT DO NOTHING;
INSERT INTO student_skill (student_id, skill_id) VALUES (30, 93) ON CONFLICT DO NOTHING;
INSERT INTO student_skill (student_id, skill_id) VALUES (30, 52) ON CONFLICT DO NOTHING;
INSERT INTO student_skill (student_id, skill_id) VALUES (30, 55) ON CONFLICT DO NOTHING;
INSERT INTO student_skill (student_id, skill_id) VALUES (31, 7) ON CONFLICT DO NOTHING;
INSERT INTO student_skill (student_id, skill_id) VALUES (31, 76) ON CONFLICT DO NOTHING;
INSERT INTO student_skill (student_id, skill_id) VALUES (31, 58) ON CONFLICT DO NOTHING;
INSERT INTO student_skill (student_id, skill_id) VALUES (31, 63) ON CONFLICT DO NOTHING;
INSERT INTO student_skill (student_id, skill_id) VALUES (32, 2) ON CONFLICT DO NOTHING;
INSERT INTO student_skill (student_id, skill_id) VALUES (32, 75) ON CONFLICT DO NOTHING;
INSERT INTO student_skill (student_id, skill_id) VALUES (33, 1) ON CONFLICT DO NOTHING;
INSERT INTO student_skill (student_id, skill_id) VALUES (33, 41) ON CONFLICT DO NOTHING;
INSERT INTO student_skill (student_id, skill_id) VALUES (33, 98) ON CONFLICT DO NOTHING;
INSERT INTO student_skill (student_id, skill_id) VALUES (33, 12) ON CONFLICT DO NOTHING;
INSERT INTO student_skill (student_id, skill_id) VALUES (33, 24) ON CONFLICT DO NOTHING;
INSERT INTO student_skill (student_id, skill_id) VALUES (34, 4) ON CONFLICT DO NOTHING;
INSERT INTO student_skill (student_id, skill_id) VALUES (34, 64) ON CONFLICT DO NOTHING;
INSERT INTO student_skill (student_id, skill_id) VALUES (34, 65) ON CONFLICT DO NOTHING;
INSERT INTO student_skill (student_id, skill_id) VALUES (35, 2) ON CONFLICT DO NOTHING;
INSERT INTO student_skill (student_id, skill_id) VALUES (35, 93) ON CONFLICT DO NOTHING;
INSERT INTO student_skill (student_id, skill_id) VALUES (35, 52) ON CONFLICT DO NOTHING;
INSERT INTO student_skill (student_id, skill_id) VALUES (35, 11) ON CONFLICT DO NOTHING;
INSERT INTO student_skill (student_id, skill_id) VALUES (35, 69) ON CONFLICT DO NOTHING;
INSERT INTO student_skill (student_id, skill_id) VALUES (36, 1) ON CONFLICT DO NOTHING;
INSERT INTO student_skill (student_id, skill_id) VALUES (36, 105) ON CONFLICT DO NOTHING;
INSERT INTO student_skill (student_id, skill_id) VALUES (37, 2) ON CONFLICT DO NOTHING;
INSERT INTO student_skill (student_id, skill_id) VALUES (37, 114) ON CONFLICT DO NOTHING;
INSERT INTO student_skill (student_id, skill_id) VALUES (37, 52) ON CONFLICT DO NOTHING;
INSERT INTO student_skill (student_id, skill_id) VALUES (37, 86) ON CONFLICT DO NOTHING;
INSERT INTO student_skill (student_id, skill_id) VALUES (37, 87) ON CONFLICT DO NOTHING;
INSERT INTO student_skill (student_id, skill_id) VALUES (37, 57) ON CONFLICT DO NOTHING;
INSERT INTO student_skill (student_id, skill_id) VALUES (37, 36) ON CONFLICT DO NOTHING;
INSERT INTO student_skill (student_id, skill_id) VALUES (38, 1) ON CONFLICT DO NOTHING;
INSERT INTO student_skill (student_id, skill_id) VALUES (38, 42) ON CONFLICT DO NOTHING;
INSERT INTO student_skill (student_id, skill_id) VALUES (38, 43) ON CONFLICT DO NOTHING;
INSERT INTO student_skill (student_id, skill_id) VALUES (38, 47) ON CONFLICT DO NOTHING;
INSERT INTO student_skill (student_id, skill_id) VALUES (38, 45) ON CONFLICT DO NOTHING;
INSERT INTO student_skill (student_id, skill_id) VALUES (38, 113) ON CONFLICT DO NOTHING;
INSERT INTO student_skill (student_id, skill_id) VALUES (38, 117) ON CONFLICT DO NOTHING;
INSERT INTO student_skill (student_id, skill_id) VALUES (38, 12) ON CONFLICT DO NOTHING;
INSERT INTO student_skill (student_id, skill_id) VALUES (38, 111) ON CONFLICT DO NOTHING;
INSERT INTO student_skill (student_id, skill_id) VALUES (39, 1) ON CONFLICT DO NOTHING;
INSERT INTO student_skill (student_id, skill_id) VALUES (39, 120) ON CONFLICT DO NOTHING;
INSERT INTO student_skill (student_id, skill_id) VALUES (39, 121) ON CONFLICT DO NOTHING;
INSERT INTO student_skill (student_id, skill_id) VALUES (40, 1) ON CONFLICT DO NOTHING;
INSERT INTO student_skill (student_id, skill_id) VALUES (40, 42) ON CONFLICT DO NOTHING;
INSERT INTO student_skill (student_id, skill_id) VALUES (40, 43) ON CONFLICT DO NOTHING;
INSERT INTO student_skill (student_id, skill_id) VALUES (40, 47) ON CONFLICT DO NOTHING;
INSERT INTO student_skill (student_id, skill_id) VALUES (40, 46) ON CONFLICT DO NOTHING;
INSERT INTO student_skill (student_id, skill_id) VALUES (40, 20) ON CONFLICT DO NOTHING;
INSERT INTO student_skill (student_id, skill_id) VALUES (40, 91) ON CONFLICT DO NOTHING;
INSERT INTO student_skill (student_id, skill_id) VALUES (40, 23) ON CONFLICT DO NOTHING;
INSERT INTO student_skill (student_id, skill_id) VALUES (40, 11) ON CONFLICT DO NOTHING;
INSERT INTO student_skill (student_id, skill_id) VALUES (41, 1) ON CONFLICT DO NOTHING;
INSERT INTO student_skill (student_id, skill_id) VALUES (41, 41) ON CONFLICT DO NOTHING;
INSERT INTO student_skill (student_id, skill_id) VALUES (41, 39) ON CONFLICT DO NOTHING;
INSERT INTO student_skill (student_id, skill_id) VALUES (41, 98) ON CONFLICT DO NOTHING;
INSERT INTO student_skill (student_id, skill_id) VALUES (41, 44) ON CONFLICT DO NOTHING;
INSERT INTO student_skill (student_id, skill_id) VALUES (41, 12) ON CONFLICT DO NOTHING;
INSERT INTO student_skill (student_id, skill_id) VALUES (41, 25) ON CONFLICT DO NOTHING;
INSERT INTO student_skill (student_id, skill_id) VALUES (41, 82) ON CONFLICT DO NOTHING;
INSERT INTO student_skill (student_id, skill_id) VALUES (42, 1) ON CONFLICT DO NOTHING;
INSERT INTO student_skill (student_id, skill_id) VALUES (42, 42) ON CONFLICT DO NOTHING;
INSERT INTO student_skill (student_id, skill_id) VALUES (42, 43) ON CONFLICT DO NOTHING;
INSERT INTO student_skill (student_id, skill_id) VALUES (42, 47) ON CONFLICT DO NOTHING;
INSERT INTO student_skill (student_id, skill_id) VALUES (42, 20) ON CONFLICT DO NOTHING;
INSERT INTO student_skill (student_id, skill_id) VALUES (42, 39) ON CONFLICT DO NOTHING;
INSERT INTO student_skill (student_id, skill_id) VALUES (43, 1) ON CONFLICT DO NOTHING;
INSERT INTO student_skill (student_id, skill_id) VALUES (43, 42) ON CONFLICT DO NOTHING;
INSERT INTO student_skill (student_id, skill_id) VALUES (43, 43) ON CONFLICT DO NOTHING;
INSERT INTO student_skill (student_id, skill_id) VALUES (43, 47) ON CONFLICT DO NOTHING;
INSERT INTO student_skill (student_id, skill_id) VALUES (43, 46) ON CONFLICT DO NOTHING;
INSERT INTO student_skill (student_id, skill_id) VALUES (43, 113) ON CONFLICT DO NOTHING;
INSERT INTO student_skill (student_id, skill_id) VALUES (43, 117) ON CONFLICT DO NOTHING;
INSERT INTO student_skill (student_id, skill_id) VALUES (43, 20) ON CONFLICT DO NOTHING;
INSERT INTO student_skill (student_id, skill_id) VALUES (43, 91) ON CONFLICT DO NOTHING;
INSERT INTO student_skill (student_id, skill_id) VALUES (43, 24) ON CONFLICT DO NOTHING;
INSERT INTO student_skill (student_id, skill_id) VALUES (44, 1) ON CONFLICT DO NOTHING;
INSERT INTO student_skill (student_id, skill_id) VALUES (44, 41) ON CONFLICT DO NOTHING;
INSERT INTO student_skill (student_id, skill_id) VALUES (44, 39) ON CONFLICT DO NOTHING;
INSERT INTO student_skill (student_id, skill_id) VALUES (44, 98) ON CONFLICT DO NOTHING;
INSERT INTO student_skill (student_id, skill_id) VALUES (44, 44) ON CONFLICT DO NOTHING;
INSERT INTO student_skill (student_id, skill_id) VALUES (44, 12) ON CONFLICT DO NOTHING;
INSERT INTO student_skill (student_id, skill_id) VALUES (44, 25) ON CONFLICT DO NOTHING;
INSERT INTO student_skill (student_id, skill_id) VALUES (44, 82) ON CONFLICT DO NOTHING;
INSERT INTO student_skill (student_id, skill_id) VALUES (45, 7) ON CONFLICT DO NOTHING;
INSERT INTO student_skill (student_id, skill_id) VALUES (45, 77) ON CONFLICT DO NOTHING;
INSERT INTO student_skill (student_id, skill_id) VALUES (45, 78) ON CONFLICT DO NOTHING;
INSERT INTO student_skill (student_id, skill_id) VALUES (46, 2) ON CONFLICT DO NOTHING;
INSERT INTO student_skill (student_id, skill_id) VALUES (46, 68) ON CONFLICT DO NOTHING;
INSERT INTO student_skill (student_id, skill_id) VALUES (46, 62) ON CONFLICT DO NOTHING;
INSERT INTO student_skill (student_id, skill_id) VALUES (46, 47) ON CONFLICT DO NOTHING;
INSERT INTO student_skill (student_id, skill_id) VALUES (46, 61) ON CONFLICT DO NOTHING;
INSERT INTO student_skill (student_id, skill_id) VALUES (47, 1) ON CONFLICT DO NOTHING;
INSERT INTO student_skill (student_id, skill_id) VALUES (47, 42) ON CONFLICT DO NOTHING;
INSERT INTO student_skill (student_id, skill_id) VALUES (47, 43) ON CONFLICT DO NOTHING;
INSERT INTO student_skill (student_id, skill_id) VALUES (47, 47) ON CONFLICT DO NOTHING;
INSERT INTO student_skill (student_id, skill_id) VALUES (47, 35) ON CONFLICT DO NOTHING;
INSERT INTO student_skill (student_id, skill_id) VALUES (47, 62) ON CONFLICT DO NOTHING;
INSERT INTO student_skill (student_id, skill_id) VALUES (47, 31) ON CONFLICT DO NOTHING;
INSERT INTO student_skill (student_id, skill_id) VALUES (47, 55) ON CONFLICT DO NOTHING;
INSERT INTO student_skill (student_id, skill_id) VALUES (47, 58) ON CONFLICT DO NOTHING;
INSERT INTO student_skill (student_id, skill_id) VALUES (48, 1) ON CONFLICT DO NOTHING;
INSERT INTO student_skill (student_id, skill_id) VALUES (48, 42) ON CONFLICT DO NOTHING;
INSERT INTO student_skill (student_id, skill_id) VALUES (48, 43) ON CONFLICT DO NOTHING;
INSERT INTO student_skill (student_id, skill_id) VALUES (48, 47) ON CONFLICT DO NOTHING;
INSERT INTO student_skill (student_id, skill_id) VALUES (48, 23) ON CONFLICT DO NOTHING;
INSERT INTO student_skill (student_id, skill_id) VALUES (48, 112) ON CONFLICT DO NOTHING;
INSERT INTO student_skill (student_id, skill_id) VALUES (48, 65) ON CONFLICT DO NOTHING;
INSERT INTO student_skill (student_id, skill_id) VALUES (49, 1) ON CONFLICT DO NOTHING;
INSERT INTO student_skill (student_id, skill_id) VALUES (49, 42) ON CONFLICT DO NOTHING;
INSERT INTO student_skill (student_id, skill_id) VALUES (49, 43) ON CONFLICT DO NOTHING;
INSERT INTO student_skill (student_id, skill_id) VALUES (49, 47) ON CONFLICT DO NOTHING;
INSERT INTO student_skill (student_id, skill_id) VALUES (49, 44) ON CONFLICT DO NOTHING;
INSERT INTO student_skill (student_id, skill_id) VALUES (49, 85) ON CONFLICT DO NOTHING;
INSERT INTO student_skill (student_id, skill_id) VALUES (49, 25) ON CONFLICT DO NOTHING;
INSERT INTO student_skill (student_id, skill_id) VALUES (49, 81) ON CONFLICT DO NOTHING;
INSERT INTO student_skill (student_id, skill_id) VALUES (50, 2) ON CONFLICT DO NOTHING;
INSERT INTO student_skill (student_id, skill_id) VALUES (50, 49) ON CONFLICT DO NOTHING;
INSERT INTO student_skill (student_id, skill_id) VALUES (50, 50) ON CONFLICT DO NOTHING;
INSERT INTO student_skill (student_id, skill_id) VALUES (50, 51) ON CONFLICT DO NOTHING;
INSERT INTO student_skill (student_id, skill_id) VALUES (50, 86) ON CONFLICT DO NOTHING;
INSERT INTO student_skill (student_id, skill_id) VALUES (50, 48) ON CONFLICT DO NOTHING;
INSERT INTO student_skill (student_id, skill_id) VALUES (50, 98) ON CONFLICT DO NOTHING;
INSERT INTO student_skill (student_id, skill_id) VALUES (50, 94) ON CONFLICT DO NOTHING;
INSERT INTO student_skill (student_id, skill_id) VALUES (51, 1) ON CONFLICT DO NOTHING;
INSERT INTO student_skill (student_id, skill_id) VALUES (51, 42) ON CONFLICT DO NOTHING;
INSERT INTO student_skill (student_id, skill_id) VALUES (51, 43) ON CONFLICT DO NOTHING;
INSERT INTO student_skill (student_id, skill_id) VALUES (51, 47) ON CONFLICT DO NOTHING;
INSERT INTO student_skill (student_id, skill_id) VALUES (51, 113) ON CONFLICT DO NOTHING;
INSERT INTO student_skill (student_id, skill_id) VALUES (51, 46) ON CONFLICT DO NOTHING;
INSERT INTO student_skill (student_id, skill_id) VALUES (51, 6) ON CONFLICT DO NOTHING;
INSERT INTO student_skill (student_id, skill_id) VALUES (51, 22) ON CONFLICT DO NOTHING;
INSERT INTO student_skill (student_id, skill_id) VALUES (52, 1) ON CONFLICT DO NOTHING;
INSERT INTO student_skill (student_id, skill_id) VALUES (52, 42) ON CONFLICT DO NOTHING;
INSERT INTO student_skill (student_id, skill_id) VALUES (52, 43) ON CONFLICT DO NOTHING;
INSERT INTO student_skill (student_id, skill_id) VALUES (52, 47) ON CONFLICT DO NOTHING;
INSERT INTO student_skill (student_id, skill_id) VALUES (52, 23) ON CONFLICT DO NOTHING;
INSERT INTO student_skill (student_id, skill_id) VALUES (52, 112) ON CONFLICT DO NOTHING;
INSERT INTO student_skill (student_id, skill_id) VALUES (52, 74) ON CONFLICT DO NOTHING;
INSERT INTO student_skill (student_id, skill_id) VALUES (53, 1) ON CONFLICT DO NOTHING;
INSERT INTO student_skill (student_id, skill_id) VALUES (53, 41) ON CONFLICT DO NOTHING;
INSERT INTO student_skill (student_id, skill_id) VALUES (53, 39) ON CONFLICT DO NOTHING;
INSERT INTO student_skill (student_id, skill_id) VALUES (53, 98) ON CONFLICT DO NOTHING;
INSERT INTO student_skill (student_id, skill_id) VALUES (53, 44) ON CONFLICT DO NOTHING;
INSERT INTO student_skill (student_id, skill_id) VALUES (53, 12) ON CONFLICT DO NOTHING;
INSERT INTO student_skill (student_id, skill_id) VALUES (53, 25) ON CONFLICT DO NOTHING;
INSERT INTO student_skill (student_id, skill_id) VALUES (53, 82) ON CONFLICT DO NOTHING;
INSERT INTO student_skill (student_id, skill_id) VALUES (54, 2) ON CONFLICT DO NOTHING;
INSERT INTO student_skill (student_id, skill_id) VALUES (54, 75) ON CONFLICT DO NOTHING;
INSERT INTO student_skill (student_id, skill_id) VALUES (55, 4) ON CONFLICT DO NOTHING;
INSERT INTO student_skill (student_id, skill_id) VALUES (55, 64) ON CONFLICT DO NOTHING;
INSERT INTO student_skill (student_id, skill_id) VALUES (55, 65) ON CONFLICT DO NOTHING;
INSERT INTO student_skill (student_id, skill_id) VALUES (55, 118) ON CONFLICT DO NOTHING;
INSERT INTO student_skill (student_id, skill_id) VALUES (55, 60) ON CONFLICT DO NOTHING;
INSERT INTO student_skill (student_id, skill_id) VALUES (55, 86) ON CONFLICT DO NOTHING;
INSERT INTO student_skill (student_id, skill_id) VALUES (56, 2) ON CONFLICT DO NOTHING;
INSERT INTO student_skill (student_id, skill_id) VALUES (56, 74) ON CONFLICT DO NOTHING;
INSERT INTO student_skill (student_id, skill_id) VALUES (56, 76) ON CONFLICT DO NOTHING;
INSERT INTO student_skill (student_id, skill_id) VALUES (56, 81) ON CONFLICT DO NOTHING;
INSERT INTO student_skill (student_id, skill_id) VALUES (56, 83) ON CONFLICT DO NOTHING;
INSERT INTO student_skill (student_id, skill_id) VALUES (57, 7) ON CONFLICT DO NOTHING;
INSERT INTO student_skill (student_id, skill_id) VALUES (57, 78) ON CONFLICT DO NOTHING;
INSERT INTO student_skill (student_id, skill_id) VALUES (57, 79) ON CONFLICT DO NOTHING;
INSERT INTO student_skill (student_id, skill_id) VALUES (57, 80) ON CONFLICT DO NOTHING;
INSERT INTO student_skill (student_id, skill_id) VALUES (57, 104) ON CONFLICT DO NOTHING;
INSERT INTO student_skill (student_id, skill_id) VALUES (57, 4) ON CONFLICT DO NOTHING;
INSERT INTO student_skill (student_id, skill_id) VALUES (57, 86) ON CONFLICT DO NOTHING;
INSERT INTO student_skill (student_id, skill_id) VALUES (58, 2) ON CONFLICT DO NOTHING;
INSERT INTO student_skill (student_id, skill_id) VALUES (58, 6) ON CONFLICT DO NOTHING;
INSERT INTO student_skill (student_id, skill_id) VALUES (58, 90) ON CONFLICT DO NOTHING;
INSERT INTO student_skill (student_id, skill_id) VALUES (58, 91) ON CONFLICT DO NOTHING;
INSERT INTO student_skill (student_id, skill_id) VALUES (58, 29) ON CONFLICT DO NOTHING;
INSERT INTO student_skill (student_id, skill_id) VALUES (58, 65) ON CONFLICT DO NOTHING;
INSERT INTO student_skill (student_id, skill_id) VALUES (59, 1) ON CONFLICT DO NOTHING;
INSERT INTO student_skill (student_id, skill_id) VALUES (59, 42) ON CONFLICT DO NOTHING;
INSERT INTO student_skill (student_id, skill_id) VALUES (59, 43) ON CONFLICT DO NOTHING;
INSERT INTO student_skill (student_id, skill_id) VALUES (59, 47) ON CONFLICT DO NOTHING;
INSERT INTO student_skill (student_id, skill_id) VALUES (59, 20) ON CONFLICT DO NOTHING;
INSERT INTO student_skill (student_id, skill_id) VALUES (59, 39) ON CONFLICT DO NOTHING;
INSERT INTO student_skill (student_id, skill_id) VALUES (60, 1) ON CONFLICT DO NOTHING;
INSERT INTO student_skill (student_id, skill_id) VALUES (60, 42) ON CONFLICT DO NOTHING;
INSERT INTO student_skill (student_id, skill_id) VALUES (60, 43) ON CONFLICT DO NOTHING;
INSERT INTO student_skill (student_id, skill_id) VALUES (60, 47) ON CONFLICT DO NOTHING;
INSERT INTO student_skill (student_id, skill_id) VALUES (60, 46) ON CONFLICT DO NOTHING;
INSERT INTO student_skill (student_id, skill_id) VALUES (60, 20) ON CONFLICT DO NOTHING;
INSERT INTO student_skill (student_id, skill_id) VALUES (60, 112) ON CONFLICT DO NOTHING;
INSERT INTO student_skill (student_id, skill_id) VALUES (60, 23) ON CONFLICT DO NOTHING;
INSERT INTO student_skill (student_id, skill_id) VALUES (60, 91) ON CONFLICT DO NOTHING;
INSERT INTO student_skill (student_id, skill_id) VALUES (60, 65) ON CONFLICT DO NOTHING;
INSERT INTO student_skill (student_id, skill_id) VALUES (61, 1) ON CONFLICT DO NOTHING;
INSERT INTO student_skill (student_id, skill_id) VALUES (61, 42) ON CONFLICT DO NOTHING;
INSERT INTO student_skill (student_id, skill_id) VALUES (61, 43) ON CONFLICT DO NOTHING;
INSERT INTO student_skill (student_id, skill_id) VALUES (61, 47) ON CONFLICT DO NOTHING;
INSERT INTO student_skill (student_id, skill_id) VALUES (61, 35) ON CONFLICT DO NOTHING;
INSERT INTO student_skill (student_id, skill_id) VALUES (61, 46) ON CONFLICT DO NOTHING;
INSERT INTO student_skill (student_id, skill_id) VALUES (61, 20) ON CONFLICT DO NOTHING;
INSERT INTO student_skill (student_id, skill_id) VALUES (61, 23) ON CONFLICT DO NOTHING;
INSERT INTO student_skill (student_id, skill_id) VALUES (61, 91) ON CONFLICT DO NOTHING;
INSERT INTO student_skill (student_id, skill_id) VALUES (61, 65) ON CONFLICT DO NOTHING;
INSERT INTO student_skill (student_id, skill_id) VALUES (62, 1) ON CONFLICT DO NOTHING;
INSERT INTO student_skill (student_id, skill_id) VALUES (62, 42) ON CONFLICT DO NOTHING;
INSERT INTO student_skill (student_id, skill_id) VALUES (62, 43) ON CONFLICT DO NOTHING;
INSERT INTO student_skill (student_id, skill_id) VALUES (62, 47) ON CONFLICT DO NOTHING;
INSERT INTO student_skill (student_id, skill_id) VALUES (62, 23) ON CONFLICT DO NOTHING;
INSERT INTO student_skill (student_id, skill_id) VALUES (62, 18) ON CONFLICT DO NOTHING;
INSERT INTO student_skill (student_id, skill_id) VALUES (62, 112) ON CONFLICT DO NOTHING;
INSERT INTO student_skill (student_id, skill_id) VALUES (62, 65) ON CONFLICT DO NOTHING;
INSERT INTO student_skill (student_id, skill_id) VALUES (63, 2) ON CONFLICT DO NOTHING;
INSERT INTO student_skill (student_id, skill_id) VALUES (63, 57) ON CONFLICT DO NOTHING;
INSERT INTO student_skill (student_id, skill_id) VALUES (63, 79) ON CONFLICT DO NOTHING;
INSERT INTO student_skill (student_id, skill_id) VALUES (63, 20) ON CONFLICT DO NOTHING;
INSERT INTO student_skill (student_id, skill_id) VALUES (64, 2) ON CONFLICT DO NOTHING;
INSERT INTO student_skill (student_id, skill_id) VALUES (64, 49) ON CONFLICT DO NOTHING;
INSERT INTO student_skill (student_id, skill_id) VALUES (64, 50) ON CONFLICT DO NOTHING;
INSERT INTO student_skill (student_id, skill_id) VALUES (64, 114) ON CONFLICT DO NOTHING;
INSERT INTO student_skill (student_id, skill_id) VALUES (64, 18) ON CONFLICT DO NOTHING;
INSERT INTO student_skill (student_id, skill_id) VALUES (64, 80) ON CONFLICT DO NOTHING;
INSERT INTO student_skill (student_id, skill_id) VALUES (64, 47) ON CONFLICT DO NOTHING;
INSERT INTO student_skill (student_id, skill_id) VALUES (65, 1) ON CONFLICT DO NOTHING;
INSERT INTO student_skill (student_id, skill_id) VALUES (65, 39) ON CONFLICT DO NOTHING;
INSERT INTO student_skill (student_id, skill_id) VALUES (65, 121) ON CONFLICT DO NOTHING;
INSERT INTO student_skill (student_id, skill_id) VALUES (66, 1) ON CONFLICT DO NOTHING;
INSERT INTO student_skill (student_id, skill_id) VALUES (66, 42) ON CONFLICT DO NOTHING;
INSERT INTO student_skill (student_id, skill_id) VALUES (66, 43) ON CONFLICT DO NOTHING;
INSERT INTO student_skill (student_id, skill_id) VALUES (66, 47) ON CONFLICT DO NOTHING;
INSERT INTO student_skill (student_id, skill_id) VALUES (66, 22) ON CONFLICT DO NOTHING;
INSERT INTO student_skill (student_id, skill_id) VALUES (66, 56) ON CONFLICT DO NOTHING;
INSERT INTO student_skill (student_id, skill_id) VALUES (66, 40) ON CONFLICT DO NOTHING;
INSERT INTO student_skill (student_id, skill_id) VALUES (67, 2) ON CONFLICT DO NOTHING;
INSERT INTO student_skill (student_id, skill_id) VALUES (67, 90) ON CONFLICT DO NOTHING;
INSERT INTO student_skill (student_id, skill_id) VALUES (67, 93) ON CONFLICT DO NOTHING;
INSERT INTO student_skill (student_id, skill_id) VALUES (67, 52) ON CONFLICT DO NOTHING;
INSERT INTO student_skill (student_id, skill_id) VALUES (67, 55) ON CONFLICT DO NOTHING;
INSERT INTO student_skill (student_id, skill_id) VALUES (68, 7) ON CONFLICT DO NOTHING;
INSERT INTO student_skill (student_id, skill_id) VALUES (68, 76) ON CONFLICT DO NOTHING;
INSERT INTO student_skill (student_id, skill_id) VALUES (68, 58) ON CONFLICT DO NOTHING;
INSERT INTO student_skill (student_id, skill_id) VALUES (68, 63) ON CONFLICT DO NOTHING;
INSERT INTO student_skill (student_id, skill_id) VALUES (69, 2) ON CONFLICT DO NOTHING;
INSERT INTO student_skill (student_id, skill_id) VALUES (69, 75) ON CONFLICT DO NOTHING;
INSERT INTO student_skill (student_id, skill_id) VALUES (70, 1) ON CONFLICT DO NOTHING;
INSERT INTO student_skill (student_id, skill_id) VALUES (70, 41) ON CONFLICT DO NOTHING;
INSERT INTO student_skill (student_id, skill_id) VALUES (70, 98) ON CONFLICT DO NOTHING;
INSERT INTO student_skill (student_id, skill_id) VALUES (70, 12) ON CONFLICT DO NOTHING;
INSERT INTO student_skill (student_id, skill_id) VALUES (70, 24) ON CONFLICT DO NOTHING;
INSERT INTO student_skill (student_id, skill_id) VALUES (71, 4) ON CONFLICT DO NOTHING;
INSERT INTO student_skill (student_id, skill_id) VALUES (71, 64) ON CONFLICT DO NOTHING;
INSERT INTO student_skill (student_id, skill_id) VALUES (71, 65) ON CONFLICT DO NOTHING;
INSERT INTO student_skill (student_id, skill_id) VALUES (72, 2) ON CONFLICT DO NOTHING;
INSERT INTO student_skill (student_id, skill_id) VALUES (72, 93) ON CONFLICT DO NOTHING;
INSERT INTO student_skill (student_id, skill_id) VALUES (72, 52) ON CONFLICT DO NOTHING;
INSERT INTO student_skill (student_id, skill_id) VALUES (72, 11) ON CONFLICT DO NOTHING;
INSERT INTO student_skill (student_id, skill_id) VALUES (72, 69) ON CONFLICT DO NOTHING;
INSERT INTO student_skill (student_id, skill_id) VALUES (73, 1) ON CONFLICT DO NOTHING;
INSERT INTO student_skill (student_id, skill_id) VALUES (73, 105) ON CONFLICT DO NOTHING;
INSERT INTO student_skill (student_id, skill_id) VALUES (74, 2) ON CONFLICT DO NOTHING;
INSERT INTO student_skill (student_id, skill_id) VALUES (74, 114) ON CONFLICT DO NOTHING;
INSERT INTO student_skill (student_id, skill_id) VALUES (74, 52) ON CONFLICT DO NOTHING;
INSERT INTO student_skill (student_id, skill_id) VALUES (74, 86) ON CONFLICT DO NOTHING;
INSERT INTO student_skill (student_id, skill_id) VALUES (74, 87) ON CONFLICT DO NOTHING;
INSERT INTO student_skill (student_id, skill_id) VALUES (74, 57) ON CONFLICT DO NOTHING;
INSERT INTO student_skill (student_id, skill_id) VALUES (74, 36) ON CONFLICT DO NOTHING;
INSERT INTO student_skill (student_id, skill_id) VALUES (75, 1) ON CONFLICT DO NOTHING;
INSERT INTO student_skill (student_id, skill_id) VALUES (75, 42) ON CONFLICT DO NOTHING;
INSERT INTO student_skill (student_id, skill_id) VALUES (75, 43) ON CONFLICT DO NOTHING;
INSERT INTO student_skill (student_id, skill_id) VALUES (75, 47) ON CONFLICT DO NOTHING;
INSERT INTO student_skill (student_id, skill_id) VALUES (75, 45) ON CONFLICT DO NOTHING;
INSERT INTO student_skill (student_id, skill_id) VALUES (75, 113) ON CONFLICT DO NOTHING;
INSERT INTO student_skill (student_id, skill_id) VALUES (75, 117) ON CONFLICT DO NOTHING;
INSERT INTO student_skill (student_id, skill_id) VALUES (75, 12) ON CONFLICT DO NOTHING;
INSERT INTO student_skill (student_id, skill_id) VALUES (75, 111) ON CONFLICT DO NOTHING;
INSERT INTO student_skill (student_id, skill_id) VALUES (76, 1) ON CONFLICT DO NOTHING;
INSERT INTO student_skill (student_id, skill_id) VALUES (76, 120) ON CONFLICT DO NOTHING;
INSERT INTO student_skill (student_id, skill_id) VALUES (76, 121) ON CONFLICT DO NOTHING;
INSERT INTO student_skill (student_id, skill_id) VALUES (77, 1) ON CONFLICT DO NOTHING;
INSERT INTO student_skill (student_id, skill_id) VALUES (77, 42) ON CONFLICT DO NOTHING;
INSERT INTO student_skill (student_id, skill_id) VALUES (77, 43) ON CONFLICT DO NOTHING;
INSERT INTO student_skill (student_id, skill_id) VALUES (77, 47) ON CONFLICT DO NOTHING;
INSERT INTO student_skill (student_id, skill_id) VALUES (77, 46) ON CONFLICT DO NOTHING;
INSERT INTO student_skill (student_id, skill_id) VALUES (77, 20) ON CONFLICT DO NOTHING;
INSERT INTO student_skill (student_id, skill_id) VALUES (77, 91) ON CONFLICT DO NOTHING;
INSERT INTO student_skill (student_id, skill_id) VALUES (77, 23) ON CONFLICT DO NOTHING;
INSERT INTO student_skill (student_id, skill_id) VALUES (77, 11) ON CONFLICT DO NOTHING;
INSERT INTO student_skill (student_id, skill_id) VALUES (78, 1) ON CONFLICT DO NOTHING;
INSERT INTO student_skill (student_id, skill_id) VALUES (78, 41) ON CONFLICT DO NOTHING;
INSERT INTO student_skill (student_id, skill_id) VALUES (78, 39) ON CONFLICT DO NOTHING;
INSERT INTO student_skill (student_id, skill_id) VALUES (78, 98) ON CONFLICT DO NOTHING;
INSERT INTO student_skill (student_id, skill_id) VALUES (78, 44) ON CONFLICT DO NOTHING;
INSERT INTO student_skill (student_id, skill_id) VALUES (78, 12) ON CONFLICT DO NOTHING;
INSERT INTO student_skill (student_id, skill_id) VALUES (78, 25) ON CONFLICT DO NOTHING;
INSERT INTO student_skill (student_id, skill_id) VALUES (78, 82) ON CONFLICT DO NOTHING;
INSERT INTO student_skill (student_id, skill_id) VALUES (79, 1) ON CONFLICT DO NOTHING;
INSERT INTO student_skill (student_id, skill_id) VALUES (79, 42) ON CONFLICT DO NOTHING;
INSERT INTO student_skill (student_id, skill_id) VALUES (79, 43) ON CONFLICT DO NOTHING;
INSERT INTO student_skill (student_id, skill_id) VALUES (79, 47) ON CONFLICT DO NOTHING;
INSERT INTO student_skill (student_id, skill_id) VALUES (79, 20) ON CONFLICT DO NOTHING;
INSERT INTO student_skill (student_id, skill_id) VALUES (79, 39) ON CONFLICT DO NOTHING;
INSERT INTO student_skill (student_id, skill_id) VALUES (80, 1) ON CONFLICT DO NOTHING;
INSERT INTO student_skill (student_id, skill_id) VALUES (80, 42) ON CONFLICT DO NOTHING;
INSERT INTO student_skill (student_id, skill_id) VALUES (80, 43) ON CONFLICT DO NOTHING;
INSERT INTO student_skill (student_id, skill_id) VALUES (80, 47) ON CONFLICT DO NOTHING;
INSERT INTO student_skill (student_id, skill_id) VALUES (80, 46) ON CONFLICT DO NOTHING;
INSERT INTO student_skill (student_id, skill_id) VALUES (80, 113) ON CONFLICT DO NOTHING;
INSERT INTO student_skill (student_id, skill_id) VALUES (80, 117) ON CONFLICT DO NOTHING;
INSERT INTO student_skill (student_id, skill_id) VALUES (80, 20) ON CONFLICT DO NOTHING;
INSERT INTO student_skill (student_id, skill_id) VALUES (80, 91) ON CONFLICT DO NOTHING;
INSERT INTO student_skill (student_id, skill_id) VALUES (80, 24) ON CONFLICT DO NOTHING;
INSERT INTO student_skill (student_id, skill_id) VALUES (81, 1) ON CONFLICT DO NOTHING;
INSERT INTO student_skill (student_id, skill_id) VALUES (81, 41) ON CONFLICT DO NOTHING;
INSERT INTO student_skill (student_id, skill_id) VALUES (81, 39) ON CONFLICT DO NOTHING;
INSERT INTO student_skill (student_id, skill_id) VALUES (81, 98) ON CONFLICT DO NOTHING;
INSERT INTO student_skill (student_id, skill_id) VALUES (81, 44) ON CONFLICT DO NOTHING;
INSERT INTO student_skill (student_id, skill_id) VALUES (81, 12) ON CONFLICT DO NOTHING;
INSERT INTO student_skill (student_id, skill_id) VALUES (81, 25) ON CONFLICT DO NOTHING;
INSERT INTO student_skill (student_id, skill_id) VALUES (81, 82) ON CONFLICT DO NOTHING;
INSERT INTO student_skill (student_id, skill_id) VALUES (82, 7) ON CONFLICT DO NOTHING;
INSERT INTO student_skill (student_id, skill_id) VALUES (82, 77) ON CONFLICT DO NOTHING;
INSERT INTO student_skill (student_id, skill_id) VALUES (82, 78) ON CONFLICT DO NOTHING;
INSERT INTO student_skill (student_id, skill_id) VALUES (83, 2) ON CONFLICT DO NOTHING;
INSERT INTO student_skill (student_id, skill_id) VALUES (83, 68) ON CONFLICT DO NOTHING;
INSERT INTO student_skill (student_id, skill_id) VALUES (83, 62) ON CONFLICT DO NOTHING;
INSERT INTO student_skill (student_id, skill_id) VALUES (83, 47) ON CONFLICT DO NOTHING;
INSERT INTO student_skill (student_id, skill_id) VALUES (83, 61) ON CONFLICT DO NOTHING;
INSERT INTO student_skill (student_id, skill_id) VALUES (84, 1) ON CONFLICT DO NOTHING;
INSERT INTO student_skill (student_id, skill_id) VALUES (84, 42) ON CONFLICT DO NOTHING;
INSERT INTO student_skill (student_id, skill_id) VALUES (84, 43) ON CONFLICT DO NOTHING;
INSERT INTO student_skill (student_id, skill_id) VALUES (84, 47) ON CONFLICT DO NOTHING;
INSERT INTO student_skill (student_id, skill_id) VALUES (84, 35) ON CONFLICT DO NOTHING;
INSERT INTO student_skill (student_id, skill_id) VALUES (84, 62) ON CONFLICT DO NOTHING;
INSERT INTO student_skill (student_id, skill_id) VALUES (84, 31) ON CONFLICT DO NOTHING;
INSERT INTO student_skill (student_id, skill_id) VALUES (84, 55) ON CONFLICT DO NOTHING;
INSERT INTO student_skill (student_id, skill_id) VALUES (84, 58) ON CONFLICT DO NOTHING;
INSERT INTO student_skill (student_id, skill_id) VALUES (85, 1) ON CONFLICT DO NOTHING;
INSERT INTO student_skill (student_id, skill_id) VALUES (85, 42) ON CONFLICT DO NOTHING;
INSERT INTO student_skill (student_id, skill_id) VALUES (85, 43) ON CONFLICT DO NOTHING;
INSERT INTO student_skill (student_id, skill_id) VALUES (85, 47) ON CONFLICT DO NOTHING;
INSERT INTO student_skill (student_id, skill_id) VALUES (85, 23) ON CONFLICT DO NOTHING;
INSERT INTO student_skill (student_id, skill_id) VALUES (85, 112) ON CONFLICT DO NOTHING;
INSERT INTO student_skill (student_id, skill_id) VALUES (85, 65) ON CONFLICT DO NOTHING;
INSERT INTO student_skill (student_id, skill_id) VALUES (86, 1) ON CONFLICT DO NOTHING;
INSERT INTO student_skill (student_id, skill_id) VALUES (86, 42) ON CONFLICT DO NOTHING;
INSERT INTO student_skill (student_id, skill_id) VALUES (86, 43) ON CONFLICT DO NOTHING;
INSERT INTO student_skill (student_id, skill_id) VALUES (86, 47) ON CONFLICT DO NOTHING;
INSERT INTO student_skill (student_id, skill_id) VALUES (86, 44) ON CONFLICT DO NOTHING;
INSERT INTO student_skill (student_id, skill_id) VALUES (86, 85) ON CONFLICT DO NOTHING;
INSERT INTO student_skill (student_id, skill_id) VALUES (86, 25) ON CONFLICT DO NOTHING;
INSERT INTO student_skill (student_id, skill_id) VALUES (86, 81) ON CONFLICT DO NOTHING;
INSERT INTO student_skill (student_id, skill_id) VALUES (87, 2) ON CONFLICT DO NOTHING;
INSERT INTO student_skill (student_id, skill_id) VALUES (87, 49) ON CONFLICT DO NOTHING;
INSERT INTO student_skill (student_id, skill_id) VALUES (87, 50) ON CONFLICT DO NOTHING;
INSERT INTO student_skill (student_id, skill_id) VALUES (87, 51) ON CONFLICT DO NOTHING;
INSERT INTO student_skill (student_id, skill_id) VALUES (87, 86) ON CONFLICT DO NOTHING;
INSERT INTO student_skill (student_id, skill_id) VALUES (87, 48) ON CONFLICT DO NOTHING;
INSERT INTO student_skill (student_id, skill_id) VALUES (87, 98) ON CONFLICT DO NOTHING;
INSERT INTO student_skill (student_id, skill_id) VALUES (87, 94) ON CONFLICT DO NOTHING;
INSERT INTO student_skill (student_id, skill_id) VALUES (88, 1) ON CONFLICT DO NOTHING;
INSERT INTO student_skill (student_id, skill_id) VALUES (88, 42) ON CONFLICT DO NOTHING;
INSERT INTO student_skill (student_id, skill_id) VALUES (88, 43) ON CONFLICT DO NOTHING;
INSERT INTO student_skill (student_id, skill_id) VALUES (88, 47) ON CONFLICT DO NOTHING;
INSERT INTO student_skill (student_id, skill_id) VALUES (88, 113) ON CONFLICT DO NOTHING;
INSERT INTO student_skill (student_id, skill_id) VALUES (88, 46) ON CONFLICT DO NOTHING;
INSERT INTO student_skill (student_id, skill_id) VALUES (88, 6) ON CONFLICT DO NOTHING;
INSERT INTO student_skill (student_id, skill_id) VALUES (88, 22) ON CONFLICT DO NOTHING;
INSERT INTO student_skill (student_id, skill_id) VALUES (89, 1) ON CONFLICT DO NOTHING;
INSERT INTO student_skill (student_id, skill_id) VALUES (89, 42) ON CONFLICT DO NOTHING;
INSERT INTO student_skill (student_id, skill_id) VALUES (89, 43) ON CONFLICT DO NOTHING;
INSERT INTO student_skill (student_id, skill_id) VALUES (89, 47) ON CONFLICT DO NOTHING;
INSERT INTO student_skill (student_id, skill_id) VALUES (89, 23) ON CONFLICT DO NOTHING;
INSERT INTO student_skill (student_id, skill_id) VALUES (89, 112) ON CONFLICT DO NOTHING;
INSERT INTO student_skill (student_id, skill_id) VALUES (89, 74) ON CONFLICT DO NOTHING;
INSERT INTO student_skill (student_id, skill_id) VALUES (90, 1) ON CONFLICT DO NOTHING;
INSERT INTO student_skill (student_id, skill_id) VALUES (90, 41) ON CONFLICT DO NOTHING;
INSERT INTO student_skill (student_id, skill_id) VALUES (90, 39) ON CONFLICT DO NOTHING;
INSERT INTO student_skill (student_id, skill_id) VALUES (90, 98) ON CONFLICT DO NOTHING;
INSERT INTO student_skill (student_id, skill_id) VALUES (90, 44) ON CONFLICT DO NOTHING;
INSERT INTO student_skill (student_id, skill_id) VALUES (90, 12) ON CONFLICT DO NOTHING;
INSERT INTO student_skill (student_id, skill_id) VALUES (90, 25) ON CONFLICT DO NOTHING;
INSERT INTO student_skill (student_id, skill_id) VALUES (90, 82) ON CONFLICT DO NOTHING;
INSERT INTO student_skill (student_id, skill_id) VALUES (91, 2) ON CONFLICT DO NOTHING;
INSERT INTO student_skill (student_id, skill_id) VALUES (91, 75) ON CONFLICT DO NOTHING;
INSERT INTO student_skill (student_id, skill_id) VALUES (92, 4) ON CONFLICT DO NOTHING;
INSERT INTO student_skill (student_id, skill_id) VALUES (92, 64) ON CONFLICT DO NOTHING;
INSERT INTO student_skill (student_id, skill_id) VALUES (92, 65) ON CONFLICT DO NOTHING;
INSERT INTO student_skill (student_id, skill_id) VALUES (92, 118) ON CONFLICT DO NOTHING;
INSERT INTO student_skill (student_id, skill_id) VALUES (92, 60) ON CONFLICT DO NOTHING;
INSERT INTO student_skill (student_id, skill_id) VALUES (92, 86) ON CONFLICT DO NOTHING;
INSERT INTO student_skill (student_id, skill_id) VALUES (93, 2) ON CONFLICT DO NOTHING;
INSERT INTO student_skill (student_id, skill_id) VALUES (93, 74) ON CONFLICT DO NOTHING;
INSERT INTO student_skill (student_id, skill_id) VALUES (93, 76) ON CONFLICT DO NOTHING;
INSERT INTO student_skill (student_id, skill_id) VALUES (93, 81) ON CONFLICT DO NOTHING;
INSERT INTO student_skill (student_id, skill_id) VALUES (93, 83) ON CONFLICT DO NOTHING;
INSERT INTO student_skill (student_id, skill_id) VALUES (94, 7) ON CONFLICT DO NOTHING;
INSERT INTO student_skill (student_id, skill_id) VALUES (94, 78) ON CONFLICT DO NOTHING;
INSERT INTO student_skill (student_id, skill_id) VALUES (94, 79) ON CONFLICT DO NOTHING;
INSERT INTO student_skill (student_id, skill_id) VALUES (94, 80) ON CONFLICT DO NOTHING;
INSERT INTO student_skill (student_id, skill_id) VALUES (94, 104) ON CONFLICT DO NOTHING;
INSERT INTO student_skill (student_id, skill_id) VALUES (94, 4) ON CONFLICT DO NOTHING;
INSERT INTO student_skill (student_id, skill_id) VALUES (94, 86) ON CONFLICT DO NOTHING;
INSERT INTO student_skill (student_id, skill_id) VALUES (95, 2) ON CONFLICT DO NOTHING;
INSERT INTO student_skill (student_id, skill_id) VALUES (95, 6) ON CONFLICT DO NOTHING;
INSERT INTO student_skill (student_id, skill_id) VALUES (95, 90) ON CONFLICT DO NOTHING;
INSERT INTO student_skill (student_id, skill_id) VALUES (95, 91) ON CONFLICT DO NOTHING;
INSERT INTO student_skill (student_id, skill_id) VALUES (95, 29) ON CONFLICT DO NOTHING;
INSERT INTO student_skill (student_id, skill_id) VALUES (95, 65) ON CONFLICT DO NOTHING;
INSERT INTO student_skill (student_id, skill_id) VALUES (96, 1) ON CONFLICT DO NOTHING;
INSERT INTO student_skill (student_id, skill_id) VALUES (96, 42) ON CONFLICT DO NOTHING;
INSERT INTO student_skill (student_id, skill_id) VALUES (96, 43) ON CONFLICT DO NOTHING;
INSERT INTO student_skill (student_id, skill_id) VALUES (96, 47) ON CONFLICT DO NOTHING;
INSERT INTO student_skill (student_id, skill_id) VALUES (96, 20) ON CONFLICT DO NOTHING;
INSERT INTO student_skill (student_id, skill_id) VALUES (96, 39) ON CONFLICT DO NOTHING;
INSERT INTO student_skill (student_id, skill_id) VALUES (97, 1) ON CONFLICT DO NOTHING;
INSERT INTO student_skill (student_id, skill_id) VALUES (97, 42) ON CONFLICT DO NOTHING;
INSERT INTO student_skill (student_id, skill_id) VALUES (97, 43) ON CONFLICT DO NOTHING;
INSERT INTO student_skill (student_id, skill_id) VALUES (97, 47) ON CONFLICT DO NOTHING;
INSERT INTO student_skill (student_id, skill_id) VALUES (97, 46) ON CONFLICT DO NOTHING;
INSERT INTO student_skill (student_id, skill_id) VALUES (97, 20) ON CONFLICT DO NOTHING;
INSERT INTO student_skill (student_id, skill_id) VALUES (97, 112) ON CONFLICT DO NOTHING;
INSERT INTO student_skill (student_id, skill_id) VALUES (97, 23) ON CONFLICT DO NOTHING;
INSERT INTO student_skill (student_id, skill_id) VALUES (97, 91) ON CONFLICT DO NOTHING;
INSERT INTO student_skill (student_id, skill_id) VALUES (97, 65) ON CONFLICT DO NOTHING;
INSERT INTO student_skill (student_id, skill_id) VALUES (98, 1) ON CONFLICT DO NOTHING;
INSERT INTO student_skill (student_id, skill_id) VALUES (98, 42) ON CONFLICT DO NOTHING;
INSERT INTO student_skill (student_id, skill_id) VALUES (98, 43) ON CONFLICT DO NOTHING;
INSERT INTO student_skill (student_id, skill_id) VALUES (98, 47) ON CONFLICT DO NOTHING;
INSERT INTO student_skill (student_id, skill_id) VALUES (98, 35) ON CONFLICT DO NOTHING;
INSERT INTO student_skill (student_id, skill_id) VALUES (98, 46) ON CONFLICT DO NOTHING;
INSERT INTO student_skill (student_id, skill_id) VALUES (98, 20) ON CONFLICT DO NOTHING;
INSERT INTO student_skill (student_id, skill_id) VALUES (98, 23) ON CONFLICT DO NOTHING;
INSERT INTO student_skill (student_id, skill_id) VALUES (98, 91) ON CONFLICT DO NOTHING;
INSERT INTO student_skill (student_id, skill_id) VALUES (98, 65) ON CONFLICT DO NOTHING;
INSERT INTO student_skill (student_id, skill_id) VALUES (99, 1) ON CONFLICT DO NOTHING;
INSERT INTO student_skill (student_id, skill_id) VALUES (99, 42) ON CONFLICT DO NOTHING;
INSERT INTO student_skill (student_id, skill_id) VALUES (99, 43) ON CONFLICT DO NOTHING;
INSERT INTO student_skill (student_id, skill_id) VALUES (99, 47) ON CONFLICT DO NOTHING;
INSERT INTO student_skill (student_id, skill_id) VALUES (99, 23) ON CONFLICT DO NOTHING;
INSERT INTO student_skill (student_id, skill_id) VALUES (99, 18) ON CONFLICT DO NOTHING;
INSERT INTO student_skill (student_id, skill_id) VALUES (99, 112) ON CONFLICT DO NOTHING;
INSERT INTO student_skill (student_id, skill_id) VALUES (99, 65) ON CONFLICT DO NOTHING;
INSERT INTO student_skill (student_id, skill_id) VALUES (100, 2) ON CONFLICT DO NOTHING;
INSERT INTO student_skill (student_id, skill_id) VALUES (100, 57) ON CONFLICT DO NOTHING;
INSERT INTO student_skill (student_id, skill_id) VALUES (100, 79) ON CONFLICT DO NOTHING;
INSERT INTO student_skill (student_id, skill_id) VALUES (100, 20) ON CONFLICT DO NOTHING;
INSERT INTO student_skill (student_id, skill_id) VALUES (101, 2) ON CONFLICT DO NOTHING;
INSERT INTO student_skill (student_id, skill_id) VALUES (101, 49) ON CONFLICT DO NOTHING;
INSERT INTO student_skill (student_id, skill_id) VALUES (101, 50) ON CONFLICT DO NOTHING;
INSERT INTO student_skill (student_id, skill_id) VALUES (101, 114) ON CONFLICT DO NOTHING;
INSERT INTO student_skill (student_id, skill_id) VALUES (101, 18) ON CONFLICT DO NOTHING;
INSERT INTO student_skill (student_id, skill_id) VALUES (101, 80) ON CONFLICT DO NOTHING;
INSERT INTO student_skill (student_id, skill_id) VALUES (101, 47) ON CONFLICT DO NOTHING;
INSERT INTO student_skill (student_id, skill_id) VALUES (102, 1) ON CONFLICT DO NOTHING;
INSERT INTO student_skill (student_id, skill_id) VALUES (102, 39) ON CONFLICT DO NOTHING;
INSERT INTO student_skill (student_id, skill_id) VALUES (102, 121) ON CONFLICT DO NOTHING;
INSERT INTO student_skill (student_id, skill_id) VALUES (103, 1) ON CONFLICT DO NOTHING;
INSERT INTO student_skill (student_id, skill_id) VALUES (103, 42) ON CONFLICT DO NOTHING;
INSERT INTO student_skill (student_id, skill_id) VALUES (103, 43) ON CONFLICT DO NOTHING;
INSERT INTO student_skill (student_id, skill_id) VALUES (103, 47) ON CONFLICT DO NOTHING;
INSERT INTO student_skill (student_id, skill_id) VALUES (103, 22) ON CONFLICT DO NOTHING;
INSERT INTO student_skill (student_id, skill_id) VALUES (103, 56) ON CONFLICT DO NOTHING;
INSERT INTO student_skill (student_id, skill_id) VALUES (103, 40) ON CONFLICT DO NOTHING;
INSERT INTO student_skill (student_id, skill_id) VALUES (104, 2) ON CONFLICT DO NOTHING;
INSERT INTO student_skill (student_id, skill_id) VALUES (104, 90) ON CONFLICT DO NOTHING;
INSERT INTO student_skill (student_id, skill_id) VALUES (104, 93) ON CONFLICT DO NOTHING;
INSERT INTO student_skill (student_id, skill_id) VALUES (104, 52) ON CONFLICT DO NOTHING;
INSERT INTO student_skill (student_id, skill_id) VALUES (104, 55) ON CONFLICT DO NOTHING;
INSERT INTO student_skill (student_id, skill_id) VALUES (105, 7) ON CONFLICT DO NOTHING;
INSERT INTO student_skill (student_id, skill_id) VALUES (105, 76) ON CONFLICT DO NOTHING;
INSERT INTO student_skill (student_id, skill_id) VALUES (105, 58) ON CONFLICT DO NOTHING;
INSERT INTO student_skill (student_id, skill_id) VALUES (105, 63) ON CONFLICT DO NOTHING;
INSERT INTO student_skill (student_id, skill_id) VALUES (106, 2) ON CONFLICT DO NOTHING;
INSERT INTO student_skill (student_id, skill_id) VALUES (106, 75) ON CONFLICT DO NOTHING;
INSERT INTO student_skill (student_id, skill_id) VALUES (107, 1) ON CONFLICT DO NOTHING;
INSERT INTO student_skill (student_id, skill_id) VALUES (107, 41) ON CONFLICT DO NOTHING;
INSERT INTO student_skill (student_id, skill_id) VALUES (107, 98) ON CONFLICT DO NOTHING;
INSERT INTO student_skill (student_id, skill_id) VALUES (107, 12) ON CONFLICT DO NOTHING;
INSERT INTO student_skill (student_id, skill_id) VALUES (107, 24) ON CONFLICT DO NOTHING;
INSERT INTO student_skill (student_id, skill_id) VALUES (108, 4) ON CONFLICT DO NOTHING;
INSERT INTO student_skill (student_id, skill_id) VALUES (108, 64) ON CONFLICT DO NOTHING;
INSERT INTO student_skill (student_id, skill_id) VALUES (108, 65) ON CONFLICT DO NOTHING;
INSERT INTO student_skill (student_id, skill_id) VALUES (109, 2) ON CONFLICT DO NOTHING;
INSERT INTO student_skill (student_id, skill_id) VALUES (109, 93) ON CONFLICT DO NOTHING;
INSERT INTO student_skill (student_id, skill_id) VALUES (109, 52) ON CONFLICT DO NOTHING;
INSERT INTO student_skill (student_id, skill_id) VALUES (109, 11) ON CONFLICT DO NOTHING;
INSERT INTO student_skill (student_id, skill_id) VALUES (109, 69) ON CONFLICT DO NOTHING;
INSERT INTO student_skill (student_id, skill_id) VALUES (110, 1) ON CONFLICT DO NOTHING;
INSERT INTO student_skill (student_id, skill_id) VALUES (110, 105) ON CONFLICT DO NOTHING;
INSERT INTO student_skill (student_id, skill_id) VALUES (111, 2) ON CONFLICT DO NOTHING;
INSERT INTO student_skill (student_id, skill_id) VALUES (111, 114) ON CONFLICT DO NOTHING;
INSERT INTO student_skill (student_id, skill_id) VALUES (111, 52) ON CONFLICT DO NOTHING;
INSERT INTO student_skill (student_id, skill_id) VALUES (111, 86) ON CONFLICT DO NOTHING;
INSERT INTO student_skill (student_id, skill_id) VALUES (111, 87) ON CONFLICT DO NOTHING;
INSERT INTO student_skill (student_id, skill_id) VALUES (111, 57) ON CONFLICT DO NOTHING;
INSERT INTO student_skill (student_id, skill_id) VALUES (111, 36) ON CONFLICT DO NOTHING;
INSERT INTO student_skill (student_id, skill_id) VALUES (112, 1) ON CONFLICT DO NOTHING;
INSERT INTO student_skill (student_id, skill_id) VALUES (112, 42) ON CONFLICT DO NOTHING;
INSERT INTO student_skill (student_id, skill_id) VALUES (112, 43) ON CONFLICT DO NOTHING;
INSERT INTO student_skill (student_id, skill_id) VALUES (112, 47) ON CONFLICT DO NOTHING;
INSERT INTO student_skill (student_id, skill_id) VALUES (112, 45) ON CONFLICT DO NOTHING;
INSERT INTO student_skill (student_id, skill_id) VALUES (112, 113) ON CONFLICT DO NOTHING;
INSERT INTO student_skill (student_id, skill_id) VALUES (112, 117) ON CONFLICT DO NOTHING;
INSERT INTO student_skill (student_id, skill_id) VALUES (112, 12) ON CONFLICT DO NOTHING;
INSERT INTO student_skill (student_id, skill_id) VALUES (112, 111) ON CONFLICT DO NOTHING;
INSERT INTO student_skill (student_id, skill_id) VALUES (113, 1) ON CONFLICT DO NOTHING;
INSERT INTO student_skill (student_id, skill_id) VALUES (113, 120) ON CONFLICT DO NOTHING;
INSERT INTO student_skill (student_id, skill_id) VALUES (113, 121) ON CONFLICT DO NOTHING;
INSERT INTO student_skill (student_id, skill_id) VALUES (114, 1) ON CONFLICT DO NOTHING;
INSERT INTO student_skill (student_id, skill_id) VALUES (114, 42) ON CONFLICT DO NOTHING;
INSERT INTO student_skill (student_id, skill_id) VALUES (114, 43) ON CONFLICT DO NOTHING;
INSERT INTO student_skill (student_id, skill_id) VALUES (114, 47) ON CONFLICT DO NOTHING;
INSERT INTO student_skill (student_id, skill_id) VALUES (114, 46) ON CONFLICT DO NOTHING;
INSERT INTO student_skill (student_id, skill_id) VALUES (114, 20) ON CONFLICT DO NOTHING;
INSERT INTO student_skill (student_id, skill_id) VALUES (114, 91) ON CONFLICT DO NOTHING;
INSERT INTO student_skill (student_id, skill_id) VALUES (114, 23) ON CONFLICT DO NOTHING;
INSERT INTO student_skill (student_id, skill_id) VALUES (114, 11) ON CONFLICT DO NOTHING;
INSERT INTO student_skill (student_id, skill_id) VALUES (115, 1) ON CONFLICT DO NOTHING;
INSERT INTO student_skill (student_id, skill_id) VALUES (115, 41) ON CONFLICT DO NOTHING;
INSERT INTO student_skill (student_id, skill_id) VALUES (115, 39) ON CONFLICT DO NOTHING;
INSERT INTO student_skill (student_id, skill_id) VALUES (115, 98) ON CONFLICT DO NOTHING;
INSERT INTO student_skill (student_id, skill_id) VALUES (115, 44) ON CONFLICT DO NOTHING;
INSERT INTO student_skill (student_id, skill_id) VALUES (115, 12) ON CONFLICT DO NOTHING;
INSERT INTO student_skill (student_id, skill_id) VALUES (115, 25) ON CONFLICT DO NOTHING;
INSERT INTO student_skill (student_id, skill_id) VALUES (115, 82) ON CONFLICT DO NOTHING;
INSERT INTO student_skill (student_id, skill_id) VALUES (116, 1) ON CONFLICT DO NOTHING;
INSERT INTO student_skill (student_id, skill_id) VALUES (116, 42) ON CONFLICT DO NOTHING;
INSERT INTO student_skill (student_id, skill_id) VALUES (116, 43) ON CONFLICT DO NOTHING;
INSERT INTO student_skill (student_id, skill_id) VALUES (116, 47) ON CONFLICT DO NOTHING;
INSERT INTO student_skill (student_id, skill_id) VALUES (116, 20) ON CONFLICT DO NOTHING;
INSERT INTO student_skill (student_id, skill_id) VALUES (116, 39) ON CONFLICT DO NOTHING;
INSERT INTO student_skill (student_id, skill_id) VALUES (117, 1) ON CONFLICT DO NOTHING;
INSERT INTO student_skill (student_id, skill_id) VALUES (117, 42) ON CONFLICT DO NOTHING;
INSERT INTO student_skill (student_id, skill_id) VALUES (117, 43) ON CONFLICT DO NOTHING;
INSERT INTO student_skill (student_id, skill_id) VALUES (117, 47) ON CONFLICT DO NOTHING;
INSERT INTO student_skill (student_id, skill_id) VALUES (117, 46) ON CONFLICT DO NOTHING;
INSERT INTO student_skill (student_id, skill_id) VALUES (117, 113) ON CONFLICT DO NOTHING;
INSERT INTO student_skill (student_id, skill_id) VALUES (117, 117) ON CONFLICT DO NOTHING;
INSERT INTO student_skill (student_id, skill_id) VALUES (117, 20) ON CONFLICT DO NOTHING;
INSERT INTO student_skill (student_id, skill_id) VALUES (117, 91) ON CONFLICT DO NOTHING;
INSERT INTO student_skill (student_id, skill_id) VALUES (117, 24) ON CONFLICT DO NOTHING;
INSERT INTO student_skill (student_id, skill_id) VALUES (118, 1) ON CONFLICT DO NOTHING;
INSERT INTO student_skill (student_id, skill_id) VALUES (118, 41) ON CONFLICT DO NOTHING;
INSERT INTO student_skill (student_id, skill_id) VALUES (118, 39) ON CONFLICT DO NOTHING;
INSERT INTO student_skill (student_id, skill_id) VALUES (118, 98) ON CONFLICT DO NOTHING;
INSERT INTO student_skill (student_id, skill_id) VALUES (118, 44) ON CONFLICT DO NOTHING;
INSERT INTO student_skill (student_id, skill_id) VALUES (118, 12) ON CONFLICT DO NOTHING;
INSERT INTO student_skill (student_id, skill_id) VALUES (118, 25) ON CONFLICT DO NOTHING;
INSERT INTO student_skill (student_id, skill_id) VALUES (118, 82) ON CONFLICT DO NOTHING;
INSERT INTO student_skill (student_id, skill_id) VALUES (119, 7) ON CONFLICT DO NOTHING;
INSERT INTO student_skill (student_id, skill_id) VALUES (119, 77) ON CONFLICT DO NOTHING;
INSERT INTO student_skill (student_id, skill_id) VALUES (119, 78) ON CONFLICT DO NOTHING;
INSERT INTO student_skill (student_id, skill_id) VALUES (120, 2) ON CONFLICT DO NOTHING;
INSERT INTO student_skill (student_id, skill_id) VALUES (120, 68) ON CONFLICT DO NOTHING;
INSERT INTO student_skill (student_id, skill_id) VALUES (120, 62) ON CONFLICT DO NOTHING;
INSERT INTO student_skill (student_id, skill_id) VALUES (120, 47) ON CONFLICT DO NOTHING;
INSERT INTO student_skill (student_id, skill_id) VALUES (120, 61) ON CONFLICT DO NOTHING;
INSERT INTO student_skill (student_id, skill_id) VALUES (121, 1) ON CONFLICT DO NOTHING;
INSERT INTO student_skill (student_id, skill_id) VALUES (121, 42) ON CONFLICT DO NOTHING;
INSERT INTO student_skill (student_id, skill_id) VALUES (121, 43) ON CONFLICT DO NOTHING;
INSERT INTO student_skill (student_id, skill_id) VALUES (121, 47) ON CONFLICT DO NOTHING;
INSERT INTO student_skill (student_id, skill_id) VALUES (121, 35) ON CONFLICT DO NOTHING;
INSERT INTO student_skill (student_id, skill_id) VALUES (121, 62) ON CONFLICT DO NOTHING;
INSERT INTO student_skill (student_id, skill_id) VALUES (121, 31) ON CONFLICT DO NOTHING;
INSERT INTO student_skill (student_id, skill_id) VALUES (121, 55) ON CONFLICT DO NOTHING;
INSERT INTO student_skill (student_id, skill_id) VALUES (121, 58) ON CONFLICT DO NOTHING;
INSERT INTO student_skill (student_id, skill_id) VALUES (122, 1) ON CONFLICT DO NOTHING;
INSERT INTO student_skill (student_id, skill_id) VALUES (122, 42) ON CONFLICT DO NOTHING;
INSERT INTO student_skill (student_id, skill_id) VALUES (122, 43) ON CONFLICT DO NOTHING;
INSERT INTO student_skill (student_id, skill_id) VALUES (122, 47) ON CONFLICT DO NOTHING;
INSERT INTO student_skill (student_id, skill_id) VALUES (122, 23) ON CONFLICT DO NOTHING;
INSERT INTO student_skill (student_id, skill_id) VALUES (122, 112) ON CONFLICT DO NOTHING;
INSERT INTO student_skill (student_id, skill_id) VALUES (122, 65) ON CONFLICT DO NOTHING;
INSERT INTO student_skill (student_id, skill_id) VALUES (123, 1) ON CONFLICT DO NOTHING;
INSERT INTO student_skill (student_id, skill_id) VALUES (123, 42) ON CONFLICT DO NOTHING;
INSERT INTO student_skill (student_id, skill_id) VALUES (123, 43) ON CONFLICT DO NOTHING;
INSERT INTO student_skill (student_id, skill_id) VALUES (123, 47) ON CONFLICT DO NOTHING;
INSERT INTO student_skill (student_id, skill_id) VALUES (123, 44) ON CONFLICT DO NOTHING;
INSERT INTO student_skill (student_id, skill_id) VALUES (123, 85) ON CONFLICT DO NOTHING;
INSERT INTO student_skill (student_id, skill_id) VALUES (123, 25) ON CONFLICT DO NOTHING;
INSERT INTO student_skill (student_id, skill_id) VALUES (123, 81) ON CONFLICT DO NOTHING;
INSERT INTO student_skill (student_id, skill_id) VALUES (124, 2) ON CONFLICT DO NOTHING;
INSERT INTO student_skill (student_id, skill_id) VALUES (124, 49) ON CONFLICT DO NOTHING;
INSERT INTO student_skill (student_id, skill_id) VALUES (124, 50) ON CONFLICT DO NOTHING;
INSERT INTO student_skill (student_id, skill_id) VALUES (124, 51) ON CONFLICT DO NOTHING;
INSERT INTO student_skill (student_id, skill_id) VALUES (124, 86) ON CONFLICT DO NOTHING;
INSERT INTO student_skill (student_id, skill_id) VALUES (124, 48) ON CONFLICT DO NOTHING;
INSERT INTO student_skill (student_id, skill_id) VALUES (124, 98) ON CONFLICT DO NOTHING;
INSERT INTO student_skill (student_id, skill_id) VALUES (124, 94) ON CONFLICT DO NOTHING;
INSERT INTO student_skill (student_id, skill_id) VALUES (125, 1) ON CONFLICT DO NOTHING;
INSERT INTO student_skill (student_id, skill_id) VALUES (125, 42) ON CONFLICT DO NOTHING;
INSERT INTO student_skill (student_id, skill_id) VALUES (125, 43) ON CONFLICT DO NOTHING;
INSERT INTO student_skill (student_id, skill_id) VALUES (125, 47) ON CONFLICT DO NOTHING;
INSERT INTO student_skill (student_id, skill_id) VALUES (125, 113) ON CONFLICT DO NOTHING;
INSERT INTO student_skill (student_id, skill_id) VALUES (125, 46) ON CONFLICT DO NOTHING;
INSERT INTO student_skill (student_id, skill_id) VALUES (125, 6) ON CONFLICT DO NOTHING;
INSERT INTO student_skill (student_id, skill_id) VALUES (125, 22) ON CONFLICT DO NOTHING;
INSERT INTO student_skill (student_id, skill_id) VALUES (126, 1) ON CONFLICT DO NOTHING;
INSERT INTO student_skill (student_id, skill_id) VALUES (126, 42) ON CONFLICT DO NOTHING;
INSERT INTO student_skill (student_id, skill_id) VALUES (126, 43) ON CONFLICT DO NOTHING;
INSERT INTO student_skill (student_id, skill_id) VALUES (126, 47) ON CONFLICT DO NOTHING;
INSERT INTO student_skill (student_id, skill_id) VALUES (126, 23) ON CONFLICT DO NOTHING;
INSERT INTO student_skill (student_id, skill_id) VALUES (126, 112) ON CONFLICT DO NOTHING;
INSERT INTO student_skill (student_id, skill_id) VALUES (126, 74) ON CONFLICT DO NOTHING;
INSERT INTO student_skill (student_id, skill_id) VALUES (127, 1) ON CONFLICT DO NOTHING;
INSERT INTO student_skill (student_id, skill_id) VALUES (127, 41) ON CONFLICT DO NOTHING;
INSERT INTO student_skill (student_id, skill_id) VALUES (127, 39) ON CONFLICT DO NOTHING;
INSERT INTO student_skill (student_id, skill_id) VALUES (127, 98) ON CONFLICT DO NOTHING;
INSERT INTO student_skill (student_id, skill_id) VALUES (127, 44) ON CONFLICT DO NOTHING;
INSERT INTO student_skill (student_id, skill_id) VALUES (127, 12) ON CONFLICT DO NOTHING;
INSERT INTO student_skill (student_id, skill_id) VALUES (127, 25) ON CONFLICT DO NOTHING;
INSERT INTO student_skill (student_id, skill_id) VALUES (127, 82) ON CONFLICT DO NOTHING;
INSERT INTO student_skill (student_id, skill_id) VALUES (128, 2) ON CONFLICT DO NOTHING;
INSERT INTO student_skill (student_id, skill_id) VALUES (128, 75) ON CONFLICT DO NOTHING;
INSERT INTO student_skill (student_id, skill_id) VALUES (129, 4) ON CONFLICT DO NOTHING;
INSERT INTO student_skill (student_id, skill_id) VALUES (129, 64) ON CONFLICT DO NOTHING;
INSERT INTO student_skill (student_id, skill_id) VALUES (129, 65) ON CONFLICT DO NOTHING;
INSERT INTO student_skill (student_id, skill_id) VALUES (129, 118) ON CONFLICT DO NOTHING;
INSERT INTO student_skill (student_id, skill_id) VALUES (129, 60) ON CONFLICT DO NOTHING;
INSERT INTO student_skill (student_id, skill_id) VALUES (129, 86) ON CONFLICT DO NOTHING;
INSERT INTO student_skill (student_id, skill_id) VALUES (130, 2) ON CONFLICT DO NOTHING;
INSERT INTO student_skill (student_id, skill_id) VALUES (130, 74) ON CONFLICT DO NOTHING;
INSERT INTO student_skill (student_id, skill_id) VALUES (130, 76) ON CONFLICT DO NOTHING;
INSERT INTO student_skill (student_id, skill_id) VALUES (130, 81) ON CONFLICT DO NOTHING;
INSERT INTO student_skill (student_id, skill_id) VALUES (130, 83) ON CONFLICT DO NOTHING;
INSERT INTO student_skill (student_id, skill_id) VALUES (131, 7) ON CONFLICT DO NOTHING;
INSERT INTO student_skill (student_id, skill_id) VALUES (131, 78) ON CONFLICT DO NOTHING;
INSERT INTO student_skill (student_id, skill_id) VALUES (131, 79) ON CONFLICT DO NOTHING;
INSERT INTO student_skill (student_id, skill_id) VALUES (131, 80) ON CONFLICT DO NOTHING;
INSERT INTO student_skill (student_id, skill_id) VALUES (131, 104) ON CONFLICT DO NOTHING;
INSERT INTO student_skill (student_id, skill_id) VALUES (131, 4) ON CONFLICT DO NOTHING;
INSERT INTO student_skill (student_id, skill_id) VALUES (131, 86) ON CONFLICT DO NOTHING;
INSERT INTO student_skill (student_id, skill_id) VALUES (132, 2) ON CONFLICT DO NOTHING;
INSERT INTO student_skill (student_id, skill_id) VALUES (132, 6) ON CONFLICT DO NOTHING;
INSERT INTO student_skill (student_id, skill_id) VALUES (132, 90) ON CONFLICT DO NOTHING;
INSERT INTO student_skill (student_id, skill_id) VALUES (132, 91) ON CONFLICT DO NOTHING;
INSERT INTO student_skill (student_id, skill_id) VALUES (132, 29) ON CONFLICT DO NOTHING;
INSERT INTO student_skill (student_id, skill_id) VALUES (132, 65) ON CONFLICT DO NOTHING;
INSERT INTO student_skill (student_id, skill_id) VALUES (133, 1) ON CONFLICT DO NOTHING;
INSERT INTO student_skill (student_id, skill_id) VALUES (133, 42) ON CONFLICT DO NOTHING;
INSERT INTO student_skill (student_id, skill_id) VALUES (133, 43) ON CONFLICT DO NOTHING;
INSERT INTO student_skill (student_id, skill_id) VALUES (133, 47) ON CONFLICT DO NOTHING;
INSERT INTO student_skill (student_id, skill_id) VALUES (133, 20) ON CONFLICT DO NOTHING;
INSERT INTO student_skill (student_id, skill_id) VALUES (133, 39) ON CONFLICT DO NOTHING;
INSERT INTO student_skill (student_id, skill_id) VALUES (134, 1) ON CONFLICT DO NOTHING;
INSERT INTO student_skill (student_id, skill_id) VALUES (134, 42) ON CONFLICT DO NOTHING;
INSERT INTO student_skill (student_id, skill_id) VALUES (134, 43) ON CONFLICT DO NOTHING;
INSERT INTO student_skill (student_id, skill_id) VALUES (134, 47) ON CONFLICT DO NOTHING;
INSERT INTO student_skill (student_id, skill_id) VALUES (134, 46) ON CONFLICT DO NOTHING;
INSERT INTO student_skill (student_id, skill_id) VALUES (134, 20) ON CONFLICT DO NOTHING;
INSERT INTO student_skill (student_id, skill_id) VALUES (134, 112) ON CONFLICT DO NOTHING;
INSERT INTO student_skill (student_id, skill_id) VALUES (134, 23) ON CONFLICT DO NOTHING;
INSERT INTO student_skill (student_id, skill_id) VALUES (134, 91) ON CONFLICT DO NOTHING;
INSERT INTO student_skill (student_id, skill_id) VALUES (134, 65) ON CONFLICT DO NOTHING;
INSERT INTO student_skill (student_id, skill_id) VALUES (135, 1) ON CONFLICT DO NOTHING;
INSERT INTO student_skill (student_id, skill_id) VALUES (135, 42) ON CONFLICT DO NOTHING;
INSERT INTO student_skill (student_id, skill_id) VALUES (135, 43) ON CONFLICT DO NOTHING;
INSERT INTO student_skill (student_id, skill_id) VALUES (135, 47) ON CONFLICT DO NOTHING;
INSERT INTO student_skill (student_id, skill_id) VALUES (135, 35) ON CONFLICT DO NOTHING;
INSERT INTO student_skill (student_id, skill_id) VALUES (135, 46) ON CONFLICT DO NOTHING;
INSERT INTO student_skill (student_id, skill_id) VALUES (135, 20) ON CONFLICT DO NOTHING;
INSERT INTO student_skill (student_id, skill_id) VALUES (135, 23) ON CONFLICT DO NOTHING;
INSERT INTO student_skill (student_id, skill_id) VALUES (135, 91) ON CONFLICT DO NOTHING;
INSERT INTO student_skill (student_id, skill_id) VALUES (135, 65) ON CONFLICT DO NOTHING;
INSERT INTO student_skill (student_id, skill_id) VALUES (136, 1) ON CONFLICT DO NOTHING;
INSERT INTO student_skill (student_id, skill_id) VALUES (136, 42) ON CONFLICT DO NOTHING;
INSERT INTO student_skill (student_id, skill_id) VALUES (136, 43) ON CONFLICT DO NOTHING;
INSERT INTO student_skill (student_id, skill_id) VALUES (136, 47) ON CONFLICT DO NOTHING;
INSERT INTO student_skill (student_id, skill_id) VALUES (136, 23) ON CONFLICT DO NOTHING;
INSERT INTO student_skill (student_id, skill_id) VALUES (136, 18) ON CONFLICT DO NOTHING;
INSERT INTO student_skill (student_id, skill_id) VALUES (136, 112) ON CONFLICT DO NOTHING;
INSERT INTO student_skill (student_id, skill_id) VALUES (136, 65) ON CONFLICT DO NOTHING;
INSERT INTO student_skill (student_id, skill_id) VALUES (137, 2) ON CONFLICT DO NOTHING;
INSERT INTO student_skill (student_id, skill_id) VALUES (137, 57) ON CONFLICT DO NOTHING;
INSERT INTO student_skill (student_id, skill_id) VALUES (137, 79) ON CONFLICT DO NOTHING;
INSERT INTO student_skill (student_id, skill_id) VALUES (137, 20) ON CONFLICT DO NOTHING;
INSERT INTO student_skill (student_id, skill_id) VALUES (138, 2) ON CONFLICT DO NOTHING;
INSERT INTO student_skill (student_id, skill_id) VALUES (138, 49) ON CONFLICT DO NOTHING;
INSERT INTO student_skill (student_id, skill_id) VALUES (138, 50) ON CONFLICT DO NOTHING;
INSERT INTO student_skill (student_id, skill_id) VALUES (138, 114) ON CONFLICT DO NOTHING;
INSERT INTO student_skill (student_id, skill_id) VALUES (138, 18) ON CONFLICT DO NOTHING;
INSERT INTO student_skill (student_id, skill_id) VALUES (138, 80) ON CONFLICT DO NOTHING;
INSERT INTO student_skill (student_id, skill_id) VALUES (138, 47) ON CONFLICT DO NOTHING;
INSERT INTO student_skill (student_id, skill_id) VALUES (139, 1) ON CONFLICT DO NOTHING;
INSERT INTO student_skill (student_id, skill_id) VALUES (139, 39) ON CONFLICT DO NOTHING;
INSERT INTO student_skill (student_id, skill_id) VALUES (139, 121) ON CONFLICT DO NOTHING;
INSERT INTO student_skill (student_id, skill_id) VALUES (140, 1) ON CONFLICT DO NOTHING;
INSERT INTO student_skill (student_id, skill_id) VALUES (140, 42) ON CONFLICT DO NOTHING;
INSERT INTO student_skill (student_id, skill_id) VALUES (140, 43) ON CONFLICT DO NOTHING;
INSERT INTO student_skill (student_id, skill_id) VALUES (140, 47) ON CONFLICT DO NOTHING;
INSERT INTO student_skill (student_id, skill_id) VALUES (140, 22) ON CONFLICT DO NOTHING;
INSERT INTO student_skill (student_id, skill_id) VALUES (140, 56) ON CONFLICT DO NOTHING;
INSERT INTO student_skill (student_id, skill_id) VALUES (140, 40) ON CONFLICT DO NOTHING;
INSERT INTO student_skill (student_id, skill_id) VALUES (141, 2) ON CONFLICT DO NOTHING;
INSERT INTO student_skill (student_id, skill_id) VALUES (141, 90) ON CONFLICT DO NOTHING;
INSERT INTO student_skill (student_id, skill_id) VALUES (141, 93) ON CONFLICT DO NOTHING;
INSERT INTO student_skill (student_id, skill_id) VALUES (141, 52) ON CONFLICT DO NOTHING;
INSERT INTO student_skill (student_id, skill_id) VALUES (141, 55) ON CONFLICT DO NOTHING;
INSERT INTO student_skill (student_id, skill_id) VALUES (142, 7) ON CONFLICT DO NOTHING;
INSERT INTO student_skill (student_id, skill_id) VALUES (142, 76) ON CONFLICT DO NOTHING;
INSERT INTO student_skill (student_id, skill_id) VALUES (142, 58) ON CONFLICT DO NOTHING;
INSERT INTO student_skill (student_id, skill_id) VALUES (142, 63) ON CONFLICT DO NOTHING;
INSERT INTO student_skill (student_id, skill_id) VALUES (143, 2) ON CONFLICT DO NOTHING;
INSERT INTO student_skill (student_id, skill_id) VALUES (143, 75) ON CONFLICT DO NOTHING;
INSERT INTO student_skill (student_id, skill_id) VALUES (144, 1) ON CONFLICT DO NOTHING;
INSERT INTO student_skill (student_id, skill_id) VALUES (144, 41) ON CONFLICT DO NOTHING;
INSERT INTO student_skill (student_id, skill_id) VALUES (144, 98) ON CONFLICT DO NOTHING;
INSERT INTO student_skill (student_id, skill_id) VALUES (144, 12) ON CONFLICT DO NOTHING;
INSERT INTO student_skill (student_id, skill_id) VALUES (144, 24) ON CONFLICT DO NOTHING;
INSERT INTO student_skill (student_id, skill_id) VALUES (145, 4) ON CONFLICT DO NOTHING;
INSERT INTO student_skill (student_id, skill_id) VALUES (145, 64) ON CONFLICT DO NOTHING;
INSERT INTO student_skill (student_id, skill_id) VALUES (145, 65) ON CONFLICT DO NOTHING;
INSERT INTO student_skill (student_id, skill_id) VALUES (146, 2) ON CONFLICT DO NOTHING;
INSERT INTO student_skill (student_id, skill_id) VALUES (146, 93) ON CONFLICT DO NOTHING;
INSERT INTO student_skill (student_id, skill_id) VALUES (146, 52) ON CONFLICT DO NOTHING;
INSERT INTO student_skill (student_id, skill_id) VALUES (146, 11) ON CONFLICT DO NOTHING;
INSERT INTO student_skill (student_id, skill_id) VALUES (146, 69) ON CONFLICT DO NOTHING;
INSERT INTO student_skill (student_id, skill_id) VALUES (147, 1) ON CONFLICT DO NOTHING;
INSERT INTO student_skill (student_id, skill_id) VALUES (147, 105) ON CONFLICT DO NOTHING;


INSERT INTO student_role (student_id, role_id) VALUES (1, 5) ON CONFLICT DO NOTHING;
INSERT INTO student_role (student_id, role_id) VALUES (2, 5) ON CONFLICT DO NOTHING;
INSERT INTO student_role (student_id, role_id) VALUES (3, 5) ON CONFLICT DO NOTHING;
INSERT INTO student_role (student_id, role_id) VALUES (4, 1) ON CONFLICT DO NOTHING;
INSERT INTO student_role (student_id, role_id) VALUES (5, 2) ON CONFLICT DO NOTHING;
INSERT INTO student_role (student_id, role_id) VALUES (6, 5) ON CONFLICT DO NOTHING;
INSERT INTO student_role (student_id, role_id) VALUES (7, 2) ON CONFLICT DO NOTHING;
INSERT INTO student_role (student_id, role_id) VALUES (8, 5) ON CONFLICT DO NOTHING;
INSERT INTO student_role (student_id, role_id) VALUES (9, 2) ON CONFLICT DO NOTHING;
INSERT INTO student_role (student_id, role_id) VALUES (10, 1) ON CONFLICT DO NOTHING;
INSERT INTO student_role (student_id, role_id) VALUES (11, 2) ON CONFLICT DO NOTHING;
INSERT INTO student_role (student_id, role_id) VALUES (12, 1) ON CONFLICT DO NOTHING;
INSERT INTO student_role (student_id, role_id) VALUES (13, 1) ON CONFLICT DO NOTHING;
INSERT INTO student_role (student_id, role_id) VALUES (14, 2) ON CONFLICT DO NOTHING;
INSERT INTO student_role (student_id, role_id) VALUES (15, 5) ON CONFLICT DO NOTHING;
INSERT INTO student_role (student_id, role_id) VALUES (16, 1) ON CONFLICT DO NOTHING;
INSERT INTO student_role (student_id, role_id) VALUES (17, 2) ON CONFLICT DO NOTHING;
INSERT INTO student_role (student_id, role_id) VALUES (18, 1) ON CONFLICT DO NOTHING;
INSERT INTO student_role (student_id, role_id) VALUES (19, 2) ON CONFLICT DO NOTHING;
INSERT INTO student_role (student_id, role_id) VALUES (20, 1) ON CONFLICT DO NOTHING;
INSERT INTO student_role (student_id, role_id) VALUES (21, 2) ON CONFLICT DO NOTHING;
INSERT INTO student_role (student_id, role_id) VALUES (22, 1) ON CONFLICT DO NOTHING;
INSERT INTO student_role (student_id, role_id) VALUES (23, 5) ON CONFLICT DO NOTHING;
INSERT INTO student_role (student_id, role_id) VALUES (24, 1) ON CONFLICT DO NOTHING;
INSERT INTO student_role (student_id, role_id) VALUES (25, 2) ON CONFLICT DO NOTHING;
INSERT INTO student_role (student_id, role_id) VALUES (26, 1) ON CONFLICT DO NOTHING;
INSERT INTO student_role (student_id, role_id) VALUES (27, 2) ON CONFLICT DO NOTHING;
INSERT INTO student_role (student_id, role_id) VALUES (28, 1) ON CONFLICT DO NOTHING;
INSERT INTO student_role (student_id, role_id) VALUES (29, 5) ON CONFLICT DO NOTHING;
INSERT INTO student_role (student_id, role_id) VALUES (30, 2) ON CONFLICT DO NOTHING;
INSERT INTO student_role (student_id, role_id) VALUES (31, 1) ON CONFLICT DO NOTHING;
INSERT INTO student_role (student_id, role_id) VALUES (32, 2) ON CONFLICT DO NOTHING;
INSERT INTO student_role (student_id, role_id) VALUES (33, 1) ON CONFLICT DO NOTHING;
INSERT INTO student_role (student_id, role_id) VALUES (34, 2) ON CONFLICT DO NOTHING;
INSERT INTO student_role (student_id, role_id) VALUES (35, 1) ON CONFLICT DO NOTHING;
INSERT INTO student_role (student_id, role_id) VALUES (36, 2) ON CONFLICT DO NOTHING;
INSERT INTO student_role (student_id, role_id) VALUES (37, 1) ON CONFLICT DO NOTHING;
INSERT INTO student_role (student_id, role_id) VALUES (38, 5) ON CONFLICT DO NOTHING;
INSERT INTO student_role (student_id, role_id) VALUES (39, 1) ON CONFLICT DO NOTHING;
INSERT INTO student_role (student_id, role_id) VALUES (40, 2) ON CONFLICT DO NOTHING;
INSERT INTO student_role (student_id, role_id) VALUES (41, 1) ON CONFLICT DO NOTHING;
INSERT INTO student_role (student_id, role_id) VALUES (42, 5) ON CONFLICT DO NOTHING;
INSERT INTO student_role (student_id, role_id) VALUES (43, 1) ON CONFLICT DO NOTHING;
INSERT INTO student_role (student_id, role_id) VALUES (44, 1) ON CONFLICT DO NOTHING;
INSERT INTO student_role (student_id, role_id) VALUES (45, 1) ON CONFLICT DO NOTHING;
INSERT INTO student_role (student_id, role_id) VALUES (46, 2) ON CONFLICT DO NOTHING;
INSERT INTO student_role (student_id, role_id) VALUES (47, 5) ON CONFLICT DO NOTHING;
INSERT INTO student_role (student_id, role_id) VALUES (48, 1) ON CONFLICT DO NOTHING;
INSERT INTO student_role (student_id, role_id) VALUES (49, 5) ON CONFLICT DO NOTHING;
INSERT INTO student_role (student_id, role_id) VALUES (50, 2) ON CONFLICT DO NOTHING;
INSERT INTO student_role (student_id, role_id) VALUES (51, 5) ON CONFLICT DO NOTHING;
INSERT INTO student_role (student_id, role_id) VALUES (52, 2) ON CONFLICT DO NOTHING;
INSERT INTO student_role (student_id, role_id) VALUES (53, 1) ON CONFLICT DO NOTHING;
INSERT INTO student_role (student_id, role_id) VALUES (54, 5) ON CONFLICT DO NOTHING;
INSERT INTO student_role (student_id, role_id) VALUES (55, 1) ON CONFLICT DO NOTHING;
INSERT INTO student_role (student_id, role_id) VALUES (56, 2) ON CONFLICT DO NOTHING;
INSERT INTO student_role (student_id, role_id) VALUES (57, 1) ON CONFLICT DO NOTHING;
INSERT INTO student_role (student_id, role_id) VALUES (58, 5) ON CONFLICT DO NOTHING;
INSERT INTO student_role (student_id, role_id) VALUES (59, 1) ON CONFLICT DO NOTHING;
INSERT INTO student_role (student_id, role_id) VALUES (60, 2) ON CONFLICT DO NOTHING;
INSERT INTO student_role (student_id, role_id) VALUES (61, 1) ON CONFLICT DO NOTHING;
INSERT INTO student_role (student_id, role_id) VALUES (62, 5) ON CONFLICT DO NOTHING;
INSERT INTO student_role (student_id, role_id) VALUES (63, 1) ON CONFLICT DO NOTHING;
INSERT INTO student_role (student_id, role_id) VALUES (64, 2) ON CONFLICT DO NOTHING;
INSERT INTO student_role (student_id, role_id) VALUES (65, 1) ON CONFLICT DO NOTHING;
INSERT INTO student_role (student_id, role_id) VALUES (66, 2) ON CONFLICT DO NOTHING;
INSERT INTO student_role (student_id, role_id) VALUES (67, 1) ON CONFLICT DO NOTHING;
INSERT INTO student_role (student_id, role_id) VALUES (68, 5) ON CONFLICT DO NOTHING;
INSERT INTO student_role (student_id, role_id) VALUES (69, 1) ON CONFLICT DO NOTHING;
INSERT INTO student_role (student_id, role_id) VALUES (70, 2) ON CONFLICT DO NOTHING;
INSERT INTO student_role (student_id, role_id) VALUES (71, 1) ON CONFLICT DO NOTHING;
INSERT INTO student_role (student_id, role_id) VALUES (72, 2) ON CONFLICT DO NOTHING;
INSERT INTO student_role (student_id, role_id) VALUES (73, 1) ON CONFLICT DO NOTHING;
INSERT INTO student_role (student_id, role_id) VALUES (74, 5) ON CONFLICT DO NOTHING;
INSERT INTO student_role (student_id, role_id) VALUES (75, 1) ON CONFLICT DO NOTHING;
INSERT INTO student_role (student_id, role_id) VALUES (76, 2) ON CONFLICT DO NOTHING;
INSERT INTO student_role (student_id, role_id) VALUES (77, 1) ON CONFLICT DO NOTHING;
INSERT INTO student_role (student_id, role_id) VALUES (78, 5) ON CONFLICT DO NOTHING;
INSERT INTO student_role (student_id, role_id) VALUES (79, 1) ON CONFLICT DO NOTHING;
INSERT INTO student_role (student_id, role_id) VALUES (80, 2) ON CONFLICT DO NOTHING;
INSERT INTO student_role (student_id, role_id) VALUES (81, 1) ON CONFLICT DO NOTHING;
INSERT INTO student_role (student_id, role_id) VALUES (82, 5) ON CONFLICT DO NOTHING;
INSERT INTO student_role (student_id, role_id) VALUES (83, 1) ON CONFLICT DO NOTHING;
INSERT INTO student_role (student_id, role_id) VALUES (84, 2) ON CONFLICT DO NOTHING;
INSERT INTO student_role (student_id, role_id) VALUES (85, 1) ON CONFLICT DO NOTHING;
INSERT INTO student_role (student_id, role_id) VALUES (86, 5) ON CONFLICT DO NOTHING;
INSERT INTO student_role (student_id, role_id) VALUES (87, 1) ON CONFLICT DO NOTHING;
INSERT INTO student_role (student_id, role_id) VALUES (88, 2) ON CONFLICT DO NOTHING;
INSERT INTO student_role (student_id, role_id) VALUES (89, 1) ON CONFLICT DO NOTHING;
INSERT INTO student_role (student_id, role_id) VALUES (90, 5) ON CONFLICT DO NOTHING;
INSERT INTO student_role (student_id, role_id) VALUES (91, 1) ON CONFLICT DO NOTHING;
INSERT INTO student_role (student_id, role_id) VALUES (92, 2) ON CONFLICT DO NOTHING;
INSERT INTO student_role (student_id, role_id) VALUES (93, 1) ON CONFLICT DO NOTHING;
INSERT INTO student_role (student_id, role_id) VALUES (94, 5) ON CONFLICT DO NOTHING;
INSERT INTO student_role (student_id, role_id) VALUES (95, 1) ON CONFLICT DO NOTHING;
INSERT INTO student_role (student_id, role_id) VALUES (96, 2) ON CONFLICT DO NOTHING;
INSERT INTO student_role (student_id, role_id) VALUES (97, 5) ON CONFLICT DO NOTHING;
INSERT INTO student_role (student_id, role_id) VALUES (98, 1) ON CONFLICT DO NOTHING;
INSERT INTO student_role (student_id, role_id) VALUES (99, 2) ON CONFLICT DO NOTHING;
INSERT INTO student_role (student_id, role_id) VALUES (100, 1) ON CONFLICT DO NOTHING;
INSERT INTO student_role (student_id, role_id) VALUES (101, 2) ON CONFLICT DO NOTHING;
INSERT INTO student_role (student_id, role_id) VALUES (102, 1) ON CONFLICT DO NOTHING;
INSERT INTO student_role (student_id, role_id) VALUES (103, 5) ON CONFLICT DO NOTHING;
INSERT INTO student_role (student_id, role_id) VALUES (104, 1) ON CONFLICT DO NOTHING;
INSERT INTO student_role (student_id, role_id) VALUES (105, 2) ON CONFLICT DO NOTHING;
INSERT INTO student_role (student_id, role_id) VALUES (106, 1) ON CONFLICT DO NOTHING;
INSERT INTO student_role (student_id, role_id) VALUES (107, 5) ON CONFLICT DO NOTHING;
INSERT INTO student_role (student_id, role_id) VALUES (108, 1) ON CONFLICT DO NOTHING;
INSERT INTO student_role (student_id, role_id) VALUES (109, 2) ON CONFLICT DO NOTHING;
INSERT INTO student_role (student_id, role_id) VALUES (110, 1) ON CONFLICT DO NOTHING;
INSERT INTO student_role (student_id, role_id) VALUES (111, 5) ON CONFLICT DO NOTHING;
INSERT INTO student_role (student_id, role_id) VALUES (112, 1) ON CONFLICT DO NOTHING;
INSERT INTO student_role (student_id, role_id) VALUES (113, 2) ON CONFLICT DO NOTHING;
INSERT INTO student_role (student_id, role_id) VALUES (114, 1) ON CONFLICT DO NOTHING;
INSERT INTO student_role (student_id, role_id) VALUES (115, 5) ON CONFLICT DO NOTHING;
INSERT INTO student_role (student_id, role_id) VALUES (116, 1) ON CONFLICT DO NOTHING;
INSERT INTO student_role (student_id, role_id) VALUES (117, 2) ON CONFLICT DO NOTHING;
INSERT INTO student_role (student_id, role_id) VALUES (118, 1) ON CONFLICT DO NOTHING;
INSERT INTO student_role (student_id, role_id) VALUES (119, 5) ON CONFLICT DO NOTHING;
INSERT INTO student_role (student_id, role_id) VALUES (120, 1) ON CONFLICT DO NOTHING;
INSERT INTO student_role (student_id, role_id) VALUES (121, 2) ON CONFLICT DO NOTHING;
INSERT INTO student_role (student_id, role_id) VALUES (122, 1) ON CONFLICT DO NOTHING;
INSERT INTO student_role (student_id, role_id) VALUES (123, 5) ON CONFLICT DO NOTHING;
INSERT INTO student_role (student_id, role_id) VALUES (124, 1) ON CONFLICT DO NOTHING;
INSERT INTO student_role (student_id, role_id) VALUES (125, 2) ON CONFLICT DO NOTHING;
INSERT INTO student_role (student_id, role_id) VALUES (126, 1) ON CONFLICT DO NOTHING;
INSERT INTO student_role (student_id, role_id) VALUES (127, 5) ON CONFLICT DO NOTHING;
INSERT INTO student_role (student_id, role_id) VALUES (128, 1) ON CONFLICT DO NOTHING;
INSERT INTO student_role (student_id, role_id) VALUES (129, 2) ON CONFLICT DO NOTHING;
INSERT INTO student_role (student_id, role_id) VALUES (130, 1) ON CONFLICT DO NOTHING;
INSERT INTO student_role (student_id, role_id) VALUES (131, 5) ON CONFLICT DO NOTHING;
INSERT INTO student_role (student_id, role_id) VALUES (132, 1) ON CONFLICT DO NOTHING;
INSERT INTO student_role (student_id, role_id) VALUES (133, 2) ON CONFLICT DO NOTHING;
INSERT INTO student_role (student_id, role_id) VALUES (134, 1) ON CONFLICT DO NOTHING;
INSERT INTO student_role (student_id, role_id) VALUES (135, 5) ON CONFLICT DO NOTHING;
INSERT INTO student_role (student_id, role_id) VALUES (136, 1) ON CONFLICT DO NOTHING;
INSERT INTO student_role (student_id, role_id) VALUES (137, 2) ON CONFLICT DO NOTHING;
INSERT INTO student_role (student_id, role_id) VALUES (138, 1) ON CONFLICT DO NOTHING;
INSERT INTO student_role (student_id, role_id) VALUES (139, 5) ON CONFLICT DO NOTHING;
INSERT INTO student_role (student_id, role_id) VALUES (140, 1) ON CONFLICT DO NOTHING;
INSERT INTO student_role (student_id, role_id) VALUES (141, 2) ON CONFLICT DO NOTHING;
INSERT INTO student_role (student_id, role_id) VALUES (142, 1) ON CONFLICT DO NOTHING;
INSERT INTO student_role (student_id, role_id) VALUES (143, 5) ON CONFLICT DO NOTHING;
INSERT INTO student_role (student_id, role_id) VALUES (144, 1) ON CONFLICT DO NOTHING;
INSERT INTO student_role (student_id, role_id) VALUES (145, 2) ON CONFLICT DO NOTHING;
INSERT INTO student_role (student_id, role_id) VALUES (146, 1) ON CONFLICT DO NOTHING;
INSERT INTO student_role (student_id, role_id) VALUES (147, 5) ON CONFLICT DO NOTHING;


INSERT INTO project_skill (project_id, skill_id) VALUES (1, 4) ON CONFLICT DO NOTHING;
INSERT INTO project_skill (project_id, skill_id) VALUES (1, 64) ON CONFLICT DO NOTHING;
INSERT INTO project_skill (project_id, skill_id) VALUES (1, 65) ON CONFLICT DO NOTHING;
INSERT INTO project_skill (project_id, skill_id) VALUES (1, 2) ON CONFLICT DO NOTHING;
INSERT INTO project_skill (project_id, skill_id) VALUES (1, 49) ON CONFLICT DO NOTHING;
INSERT INTO project_skill (project_id, skill_id) VALUES (1, 50) ON CONFLICT DO NOTHING;
INSERT INTO project_skill (project_id, skill_id) VALUES (1, 56) ON CONFLICT DO NOTHING;
INSERT INTO project_skill (project_id, skill_id) VALUES (1, 10) ON CONFLICT DO NOTHING;
INSERT INTO project_skill (project_id, skill_id) VALUES (1, 77) ON CONFLICT DO NOTHING;
INSERT INTO project_skill (project_id, skill_id) VALUES (1, 48) ON CONFLICT DO NOTHING;
INSERT INTO project_skill (project_id, skill_id) VALUES (1, 1) ON CONFLICT DO NOTHING;
INSERT INTO project_skill (project_id, skill_id) VALUES (1, 42) ON CONFLICT DO NOTHING;
INSERT INTO project_skill (project_id, skill_id) VALUES (1, 43) ON CONFLICT DO NOTHING;
INSERT INTO project_skill (project_id, skill_id) VALUES (1, 47) ON CONFLICT DO NOTHING;
INSERT INTO project_skill (project_id, skill_id) VALUES (1, 20) ON CONFLICT DO NOTHING;
INSERT INTO project_skill (project_id, skill_id) VALUES (1, 97) ON CONFLICT DO NOTHING;
INSERT INTO project_skill (project_id, skill_id) VALUES (1, 39) ON CONFLICT DO NOTHING;
INSERT INTO project_skill (project_id, skill_id) VALUES (1, 88) ON CONFLICT DO NOTHING;
INSERT INTO project_skill (project_id, skill_id) VALUES (2, 3) ON CONFLICT DO NOTHING;
INSERT INTO project_skill (project_id, skill_id) VALUES (2, 118) ON CONFLICT DO NOTHING;
INSERT INTO project_skill (project_id, skill_id) VALUES (2, 117) ON CONFLICT DO NOTHING;
INSERT INTO project_skill (project_id, skill_id) VALUES (2, 58) ON CONFLICT DO NOTHING;
INSERT INTO project_skill (project_id, skill_id) VALUES (2, 22) ON CONFLICT DO NOTHING;
INSERT INTO project_skill (project_id, skill_id) VALUES (2, 14) ON CONFLICT DO NOTHING;
INSERT INTO project_skill (project_id, skill_id) VALUES (2, 2) ON CONFLICT DO NOTHING;
INSERT INTO project_skill (project_id, skill_id) VALUES (2, 49) ON CONFLICT DO NOTHING;
INSERT INTO project_skill (project_id, skill_id) VALUES (2, 50) ON CONFLICT DO NOTHING;
INSERT INTO project_skill (project_id, skill_id) VALUES (2, 55) ON CONFLICT DO NOTHING;
INSERT INTO project_skill (project_id, skill_id) VALUES (2, 56) ON CONFLICT DO NOTHING;
INSERT INTO project_skill (project_id, skill_id) VALUES (2, 10) ON CONFLICT DO NOTHING;
INSERT INTO project_skill (project_id, skill_id) VALUES (2, 14) ON CONFLICT DO NOTHING;
INSERT INTO project_skill (project_id, skill_id) VALUES (2, 1) ON CONFLICT DO NOTHING;
INSERT INTO project_skill (project_id, skill_id) VALUES (2, 42) ON CONFLICT DO NOTHING;
INSERT INTO project_skill (project_id, skill_id) VALUES (2, 43) ON CONFLICT DO NOTHING;
INSERT INTO project_skill (project_id, skill_id) VALUES (2, 47) ON CONFLICT DO NOTHING;
INSERT INTO project_skill (project_id, skill_id) VALUES (2, 35) ON CONFLICT DO NOTHING;
INSERT INTO project_skill (project_id, skill_id) VALUES (2, 15) ON CONFLICT DO NOTHING;
INSERT INTO project_skill (project_id, skill_id) VALUES (2, 113) ON CONFLICT DO NOTHING;
INSERT INTO project_skill (project_id, skill_id) VALUES (3, 1) ON CONFLICT DO NOTHING;
INSERT INTO project_skill (project_id, skill_id) VALUES (3, 39) ON CONFLICT DO NOTHING;
INSERT INTO project_skill (project_id, skill_id) VALUES (3, 23) ON CONFLICT DO NOTHING;
INSERT INTO project_skill (project_id, skill_id) VALUES (3, 2) ON CONFLICT DO NOTHING;
INSERT INTO project_skill (project_id, skill_id) VALUES (3, 49) ON CONFLICT DO NOTHING;
INSERT INTO project_skill (project_id, skill_id) VALUES (3, 50) ON CONFLICT DO NOTHING;
INSERT INTO project_skill (project_id, skill_id) VALUES (3, 51) ON CONFLICT DO NOTHING;
INSERT INTO project_skill (project_id, skill_id) VALUES (3, 55) ON CONFLICT DO NOTHING;
INSERT INTO project_skill (project_id, skill_id) VALUES (3, 1) ON CONFLICT DO NOTHING;
INSERT INTO project_skill (project_id, skill_id) VALUES (3, 42) ON CONFLICT DO NOTHING;
INSERT INTO project_skill (project_id, skill_id) VALUES (3, 43) ON CONFLICT DO NOTHING;
INSERT INTO project_skill (project_id, skill_id) VALUES (3, 47) ON CONFLICT DO NOTHING;
INSERT INTO project_skill (project_id, skill_id) VALUES (3, 35) ON CONFLICT DO NOTHING;
INSERT INTO project_skill (project_id, skill_id) VALUES (3, 75) ON CONFLICT DO NOTHING;
INSERT INTO project_skill (project_id, skill_id) VALUES (3, 23) ON CONFLICT DO NOTHING;
INSERT INTO project_skill (project_id, skill_id) VALUES (3, 88) ON CONFLICT DO NOTHING;
INSERT INTO project_skill (project_id, skill_id) VALUES (3, 96) ON CONFLICT DO NOTHING;
INSERT INTO project_skill (project_id, skill_id) VALUES (4, 3) ON CONFLICT DO NOTHING;
INSERT INTO project_skill (project_id, skill_id) VALUES (4, 53) ON CONFLICT DO NOTHING;
INSERT INTO project_skill (project_id, skill_id) VALUES (4, 44) ON CONFLICT DO NOTHING;
INSERT INTO project_skill (project_id, skill_id) VALUES (4, 2) ON CONFLICT DO NOTHING;
INSERT INTO project_skill (project_id, skill_id) VALUES (4, 16) ON CONFLICT DO NOTHING;
INSERT INTO project_skill (project_id, skill_id) VALUES (4, 2) ON CONFLICT DO NOTHING;
INSERT INTO project_skill (project_id, skill_id) VALUES (4, 49) ON CONFLICT DO NOTHING;
INSERT INTO project_skill (project_id, skill_id) VALUES (4, 50) ON CONFLICT DO NOTHING;
INSERT INTO project_skill (project_id, skill_id) VALUES (4, 51) ON CONFLICT DO NOTHING;
INSERT INTO project_skill (project_id, skill_id) VALUES (4, 10) ON CONFLICT DO NOTHING;
INSERT INTO project_skill (project_id, skill_id) VALUES (4, 14) ON CONFLICT DO NOTHING;
INSERT INTO project_skill (project_id, skill_id) VALUES (4, 90) ON CONFLICT DO NOTHING;
INSERT INTO project_skill (project_id, skill_id) VALUES (4, 56) ON CONFLICT DO NOTHING;
INSERT INTO project_skill (project_id, skill_id) VALUES (4, 62) ON CONFLICT DO NOTHING;
INSERT INTO project_skill (project_id, skill_id) VALUES (4, 1) ON CONFLICT DO NOTHING;
INSERT INTO project_skill (project_id, skill_id) VALUES (4, 42) ON CONFLICT DO NOTHING;
INSERT INTO project_skill (project_id, skill_id) VALUES (4, 43) ON CONFLICT DO NOTHING;
INSERT INTO project_skill (project_id, skill_id) VALUES (4, 47) ON CONFLICT DO NOTHING;
INSERT INTO project_skill (project_id, skill_id) VALUES (4, 35) ON CONFLICT DO NOTHING;
INSERT INTO project_skill (project_id, skill_id) VALUES (4, 45) ON CONFLICT DO NOTHING;
INSERT INTO project_skill (project_id, skill_id) VALUES (4, 20) ON CONFLICT DO NOTHING;
INSERT INTO project_skill (project_id, skill_id) VALUES (4, 49) ON CONFLICT DO NOTHING;
INSERT INTO project_skill (project_id, skill_id) VALUES (4, 71) ON CONFLICT DO NOTHING;
INSERT INTO project_skill (project_id, skill_id) VALUES (5, 1) ON CONFLICT DO NOTHING;
INSERT INTO project_skill (project_id, skill_id) VALUES (5, 42) ON CONFLICT DO NOTHING;
INSERT INTO project_skill (project_id, skill_id) VALUES (5, 43) ON CONFLICT DO NOTHING;
INSERT INTO project_skill (project_id, skill_id) VALUES (5, 47) ON CONFLICT DO NOTHING;
INSERT INTO project_skill (project_id, skill_id) VALUES (5, 113) ON CONFLICT DO NOTHING;
INSERT INTO project_skill (project_id, skill_id) VALUES (5, 128) ON CONFLICT DO NOTHING;
INSERT INTO project_skill (project_id, skill_id) VALUES (5, 44) ON CONFLICT DO NOTHING;
INSERT INTO project_skill (project_id, skill_id) VALUES (5, 118) ON CONFLICT DO NOTHING;
INSERT INTO project_skill (project_id, skill_id) VALUES (5, 91) ON CONFLICT DO NOTHING;
INSERT INTO project_skill (project_id, skill_id) VALUES (6, 1) ON CONFLICT DO NOTHING;
INSERT INTO project_skill (project_id, skill_id) VALUES (6, 39) ON CONFLICT DO NOTHING;
INSERT INTO project_skill (project_id, skill_id) VALUES (6, 121) ON CONFLICT DO NOTHING;
INSERT INTO project_skill (project_id, skill_id) VALUES (6, 49) ON CONFLICT DO NOTHING;
INSERT INTO project_skill (project_id, skill_id) VALUES (6, 62) ON CONFLICT DO NOTHING;
INSERT INTO project_skill (project_id, skill_id) VALUES (6, 38) ON CONFLICT DO NOTHING;
INSERT INTO project_skill (project_id, skill_id) VALUES (6, 2) ON CONFLICT DO NOTHING;
INSERT INTO project_skill (project_id, skill_id) VALUES (6, 49) ON CONFLICT DO NOTHING;
INSERT INTO project_skill (project_id, skill_id) VALUES (6, 50) ON CONFLICT DO NOTHING;
INSERT INTO project_skill (project_id, skill_id) VALUES (6, 51) ON CONFLICT DO NOTHING;
INSERT INTO project_skill (project_id, skill_id) VALUES (6, 56) ON CONFLICT DO NOTHING;
INSERT INTO project_skill (project_id, skill_id) VALUES (6, 1) ON CONFLICT DO NOTHING;
INSERT INTO project_skill (project_id, skill_id) VALUES (6, 42) ON CONFLICT DO NOTHING;
INSERT INTO project_skill (project_id, skill_id) VALUES (6, 43) ON CONFLICT DO NOTHING;
INSERT INTO project_skill (project_id, skill_id) VALUES (6, 47) ON CONFLICT DO NOTHING;
INSERT INTO project_skill (project_id, skill_id) VALUES (6, 128) ON CONFLICT DO NOTHING;
INSERT INTO project_skill (project_id, skill_id) VALUES (6, 97) ON CONFLICT DO NOTHING;
INSERT INTO project_skill (project_id, skill_id) VALUES (7, 4) ON CONFLICT DO NOTHING;
INSERT INTO project_skill (project_id, skill_id) VALUES (7, 65) ON CONFLICT DO NOTHING;
INSERT INTO project_skill (project_id, skill_id) VALUES (7, 40) ON CONFLICT DO NOTHING;
INSERT INTO project_skill (project_id, skill_id) VALUES (7, 118) ON CONFLICT DO NOTHING;
INSERT INTO project_skill (project_id, skill_id) VALUES (7, 60) ON CONFLICT DO NOTHING;
INSERT INTO project_skill (project_id, skill_id) VALUES (7, 86) ON CONFLICT DO NOTHING;
INSERT INTO project_skill (project_id, skill_id) VALUES (7, 2) ON CONFLICT DO NOTHING;
INSERT INTO project_skill (project_id, skill_id) VALUES (7, 49) ON CONFLICT DO NOTHING;
INSERT INTO project_skill (project_id, skill_id) VALUES (7, 50) ON CONFLICT DO NOTHING;
INSERT INTO project_skill (project_id, skill_id) VALUES (7, 51) ON CONFLICT DO NOTHING;
INSERT INTO project_skill (project_id, skill_id) VALUES (7, 16) ON CONFLICT DO NOTHING;
INSERT INTO project_skill (project_id, skill_id) VALUES (7, 71) ON CONFLICT DO NOTHING;
INSERT INTO project_skill (project_id, skill_id) VALUES (7, 67) ON CONFLICT DO NOTHING;
INSERT INTO project_skill (project_id, skill_id) VALUES (7, 1) ON CONFLICT DO NOTHING;
INSERT INTO project_skill (project_id, skill_id) VALUES (7, 42) ON CONFLICT DO NOTHING;
INSERT INTO project_skill (project_id, skill_id) VALUES (7, 43) ON CONFLICT DO NOTHING;
INSERT INTO project_skill (project_id, skill_id) VALUES (7, 47) ON CONFLICT DO NOTHING;
INSERT INTO project_skill (project_id, skill_id) VALUES (7, 112) ON CONFLICT DO NOTHING;
INSERT INTO project_skill (project_id, skill_id) VALUES (8, 3) ON CONFLICT DO NOTHING;
INSERT INTO project_skill (project_id, skill_id) VALUES (8, 117) ON CONFLICT DO NOTHING;
INSERT INTO project_skill (project_id, skill_id) VALUES (8, 60) ON CONFLICT DO NOTHING;
INSERT INTO project_skill (project_id, skill_id) VALUES (8, 40) ON CONFLICT DO NOTHING;
INSERT INTO project_skill (project_id, skill_id) VALUES (8, 2) ON CONFLICT DO NOTHING;
INSERT INTO project_skill (project_id, skill_id) VALUES (8, 114) ON CONFLICT DO NOTHING;
INSERT INTO project_skill (project_id, skill_id) VALUES (8, 6) ON CONFLICT DO NOTHING;
INSERT INTO project_skill (project_id, skill_id) VALUES (8, 16) ON CONFLICT DO NOTHING;
INSERT INTO project_skill (project_id, skill_id) VALUES (8, 1) ON CONFLICT DO NOTHING;
INSERT INTO project_skill (project_id, skill_id) VALUES (8, 42) ON CONFLICT DO NOTHING;
INSERT INTO project_skill (project_id, skill_id) VALUES (8, 43) ON CONFLICT DO NOTHING;
INSERT INTO project_skill (project_id, skill_id) VALUES (8, 47) ON CONFLICT DO NOTHING;
INSERT INTO project_skill (project_id, skill_id) VALUES (8, 46) ON CONFLICT DO NOTHING;
INSERT INTO project_skill (project_id, skill_id) VALUES (8, 20) ON CONFLICT DO NOTHING;
INSERT INTO project_skill (project_id, skill_id) VALUES (8, 12) ON CONFLICT DO NOTHING;
INSERT INTO project_skill (project_id, skill_id) VALUES (8, 104) ON CONFLICT DO NOTHING;
INSERT INTO project_skill (project_id, skill_id) VALUES (8, 28) ON CONFLICT DO NOTHING;
INSERT INTO project_skill (project_id, skill_id) VALUES (9, 1) ON CONFLICT DO NOTHING;
INSERT INTO project_skill (project_id, skill_id) VALUES (9, 120) ON CONFLICT DO NOTHING;
INSERT INTO project_skill (project_id, skill_id) VALUES (9, 39) ON CONFLICT DO NOTHING;
INSERT INTO project_skill (project_id, skill_id) VALUES (9, 111) ON CONFLICT DO NOTHING;
INSERT INTO project_skill (project_id, skill_id) VALUES (9, 4) ON CONFLICT DO NOTHING;
INSERT INTO project_skill (project_id, skill_id) VALUES (9, 2) ON CONFLICT DO NOTHING;
INSERT INTO project_skill (project_id, skill_id) VALUES (9, 57) ON CONFLICT DO NOTHING;
INSERT INTO project_skill (project_id, skill_id) VALUES (9, 115) ON CONFLICT DO NOTHING;
INSERT INTO project_skill (project_id, skill_id) VALUES (9, 38) ON CONFLICT DO NOTHING;
INSERT INTO project_skill (project_id, skill_id) VALUES (9, 23) ON CONFLICT DO NOTHING;
INSERT INTO project_skill (project_id, skill_id) VALUES (9, 94) ON CONFLICT DO NOTHING;
INSERT INTO project_skill (project_id, skill_id) VALUES (9, 1) ON CONFLICT DO NOTHING;
INSERT INTO project_skill (project_id, skill_id) VALUES (9, 42) ON CONFLICT DO NOTHING;
INSERT INTO project_skill (project_id, skill_id) VALUES (9, 43) ON CONFLICT DO NOTHING;
INSERT INTO project_skill (project_id, skill_id) VALUES (9, 47) ON CONFLICT DO NOTHING;
INSERT INTO project_skill (project_id, skill_id) VALUES (9, 113) ON CONFLICT DO NOTHING;
INSERT INTO project_skill (project_id, skill_id) VALUES (9, 46) ON CONFLICT DO NOTHING;
INSERT INTO project_skill (project_id, skill_id) VALUES (10, 3) ON CONFLICT DO NOTHING;
INSERT INTO project_skill (project_id, skill_id) VALUES (10, 118) ON CONFLICT DO NOTHING;
INSERT INTO project_skill (project_id, skill_id) VALUES (10, 58) ON CONFLICT DO NOTHING;
INSERT INTO project_skill (project_id, skill_id) VALUES (10, 61) ON CONFLICT DO NOTHING;
INSERT INTO project_skill (project_id, skill_id) VALUES (10, 69) ON CONFLICT DO NOTHING;
INSERT INTO project_skill (project_id, skill_id) VALUES (10, 13) ON CONFLICT DO NOTHING;
INSERT INTO project_skill (project_id, skill_id) VALUES (10, 2) ON CONFLICT DO NOTHING;
INSERT INTO project_skill (project_id, skill_id) VALUES (10, 49) ON CONFLICT DO NOTHING;
INSERT INTO project_skill (project_id, skill_id) VALUES (10, 50) ON CONFLICT DO NOTHING;
INSERT INTO project_skill (project_id, skill_id) VALUES (10, 51) ON CONFLICT DO NOTHING;
INSERT INTO project_skill (project_id, skill_id) VALUES (10, 92) ON CONFLICT DO NOTHING;
INSERT INTO project_skill (project_id, skill_id) VALUES (10, 93) ON CONFLICT DO NOTHING;
INSERT INTO project_skill (project_id, skill_id) VALUES (10, 1) ON CONFLICT DO NOTHING;
INSERT INTO project_skill (project_id, skill_id) VALUES (10, 42) ON CONFLICT DO NOTHING;
INSERT INTO project_skill (project_id, skill_id) VALUES (10, 43) ON CONFLICT DO NOTHING;
INSERT INTO project_skill (project_id, skill_id) VALUES (10, 47) ON CONFLICT DO NOTHING;
INSERT INTO project_skill (project_id, skill_id) VALUES (10, 112) ON CONFLICT DO NOTHING;
INSERT INTO project_skill (project_id, skill_id) VALUES (10, 60) ON CONFLICT DO NOTHING;
INSERT INTO project_skill (project_id, skill_id) VALUES (11, 1) ON CONFLICT DO NOTHING;
INSERT INTO project_skill (project_id, skill_id) VALUES (11, 120) ON CONFLICT DO NOTHING;
INSERT INTO project_skill (project_id, skill_id) VALUES (11, 48) ON CONFLICT DO NOTHING;
INSERT INTO project_skill (project_id, skill_id) VALUES (11, 27) ON CONFLICT DO NOTHING;
INSERT INTO project_skill (project_id, skill_id) VALUES (11, 5) ON CONFLICT DO NOTHING;
INSERT INTO project_skill (project_id, skill_id) VALUES (11, 85) ON CONFLICT DO NOTHING;
INSERT INTO project_skill (project_id, skill_id) VALUES (11, 2) ON CONFLICT DO NOTHING;
INSERT INTO project_skill (project_id, skill_id) VALUES (11, 68) ON CONFLICT DO NOTHING;
INSERT INTO project_skill (project_id, skill_id) VALUES (11, 41) ON CONFLICT DO NOTHING;
INSERT INTO project_skill (project_id, skill_id) VALUES (11, 12) ON CONFLICT DO NOTHING;
INSERT INTO project_skill (project_id, skill_id) VALUES (11, 10) ON CONFLICT DO NOTHING;
INSERT INTO project_skill (project_id, skill_id) VALUES (11, 105) ON CONFLICT DO NOTHING;
INSERT INTO project_skill (project_id, skill_id) VALUES (11, 49) ON CONFLICT DO NOTHING;
INSERT INTO project_skill (project_id, skill_id) VALUES (11, 51) ON CONFLICT DO NOTHING;
INSERT INTO project_skill (project_id, skill_id) VALUES (11, 1) ON CONFLICT DO NOTHING;
INSERT INTO project_skill (project_id, skill_id) VALUES (11, 42) ON CONFLICT DO NOTHING;
INSERT INTO project_skill (project_id, skill_id) VALUES (11, 43) ON CONFLICT DO NOTHING;
INSERT INTO project_skill (project_id, skill_id) VALUES (11, 47) ON CONFLICT DO NOTHING;
INSERT INTO project_skill (project_id, skill_id) VALUES (11, 128) ON CONFLICT DO NOTHING;
INSERT INTO project_skill (project_id, skill_id) VALUES (11, 89) ON CONFLICT DO NOTHING;
INSERT INTO project_skill (project_id, skill_id) VALUES (11, 77) ON CONFLICT DO NOTHING;
INSERT INTO project_skill (project_id, skill_id) VALUES (11, 76) ON CONFLICT DO NOTHING;
INSERT INTO project_skill (project_id, skill_id) VALUES (12, 7) ON CONFLICT DO NOTHING;
INSERT INTO project_skill (project_id, skill_id) VALUES (12, 46) ON CONFLICT DO NOTHING;
INSERT INTO project_skill (project_id, skill_id) VALUES (12, 82) ON CONFLICT DO NOTHING;
INSERT INTO project_skill (project_id, skill_id) VALUES (12, 2) ON CONFLICT DO NOTHING;
INSERT INTO project_skill (project_id, skill_id) VALUES (12, 14) ON CONFLICT DO NOTHING;
INSERT INTO project_skill (project_id, skill_id) VALUES (12, 49) ON CONFLICT DO NOTHING;
INSERT INTO project_skill (project_id, skill_id) VALUES (12, 62) ON CONFLICT DO NOTHING;
INSERT INTO project_skill (project_id, skill_id) VALUES (12, 19) ON CONFLICT DO NOTHING;
INSERT INTO project_skill (project_id, skill_id) VALUES (12, 1) ON CONFLICT DO NOTHING;
INSERT INTO project_skill (project_id, skill_id) VALUES (12, 42) ON CONFLICT DO NOTHING;
INSERT INTO project_skill (project_id, skill_id) VALUES (12, 43) ON CONFLICT DO NOTHING;
INSERT INTO project_skill (project_id, skill_id) VALUES (12, 47) ON CONFLICT DO NOTHING;
INSERT INTO project_skill (project_id, skill_id) VALUES (12, 45) ON CONFLICT DO NOTHING;
INSERT INTO project_skill (project_id, skill_id) VALUES (12, 7) ON CONFLICT DO NOTHING;
INSERT INTO project_skill (project_id, skill_id) VALUES (13, 7) ON CONFLICT DO NOTHING;
INSERT INTO project_skill (project_id, skill_id) VALUES (13, 77) ON CONFLICT DO NOTHING;
INSERT INTO project_skill (project_id, skill_id) VALUES (13, 78) ON CONFLICT DO NOTHING;
INSERT INTO project_skill (project_id, skill_id) VALUES (13, 98) ON CONFLICT DO NOTHING;
INSERT INTO project_skill (project_id, skill_id) VALUES (13, 22) ON CONFLICT DO NOTHING;
INSERT INTO project_skill (project_id, skill_id) VALUES (13, 2) ON CONFLICT DO NOTHING;
INSERT INTO project_skill (project_id, skill_id) VALUES (13, 55) ON CONFLICT DO NOTHING;
INSERT INTO project_skill (project_id, skill_id) VALUES (13, 60) ON CONFLICT DO NOTHING;
INSERT INTO project_skill (project_id, skill_id) VALUES (13, 1) ON CONFLICT DO NOTHING;
INSERT INTO project_skill (project_id, skill_id) VALUES (13, 42) ON CONFLICT DO NOTHING;
INSERT INTO project_skill (project_id, skill_id) VALUES (13, 43) ON CONFLICT DO NOTHING;
INSERT INTO project_skill (project_id, skill_id) VALUES (13, 47) ON CONFLICT DO NOTHING;
INSERT INTO project_skill (project_id, skill_id) VALUES (13, 128) ON CONFLICT DO NOTHING;
INSERT INTO project_skill (project_id, skill_id) VALUES (13, 64) ON CONFLICT DO NOTHING;
INSERT INTO project_skill (project_id, skill_id) VALUES (14, 3) ON CONFLICT DO NOTHING;
INSERT INTO project_skill (project_id, skill_id) VALUES (14, 118) ON CONFLICT DO NOTHING;
INSERT INTO project_skill (project_id, skill_id) VALUES (14, 11) ON CONFLICT DO NOTHING;
INSERT INTO project_skill (project_id, skill_id) VALUES (14, 128) ON CONFLICT DO NOTHING;
INSERT INTO project_skill (project_id, skill_id) VALUES (14, 38) ON CONFLICT DO NOTHING;
INSERT INTO project_skill (project_id, skill_id) VALUES (14, 2) ON CONFLICT DO NOTHING;
INSERT INTO project_skill (project_id, skill_id) VALUES (14, 6) ON CONFLICT DO NOTHING;
INSERT INTO project_skill (project_id, skill_id) VALUES (14, 49) ON CONFLICT DO NOTHING;
INSERT INTO project_skill (project_id, skill_id) VALUES (14, 61) ON CONFLICT DO NOTHING;
INSERT INTO project_skill (project_id, skill_id) VALUES (14, 57) ON CONFLICT DO NOTHING;
INSERT INTO project_skill (project_id, skill_id) VALUES (14, 22) ON CONFLICT DO NOTHING;
INSERT INTO project_skill (project_id, skill_id) VALUES (14, 53) ON CONFLICT DO NOTHING;
INSERT INTO project_skill (project_id, skill_id) VALUES (14, 1) ON CONFLICT DO NOTHING;
INSERT INTO project_skill (project_id, skill_id) VALUES (14, 42) ON CONFLICT DO NOTHING;
INSERT INTO project_skill (project_id, skill_id) VALUES (14, 43) ON CONFLICT DO NOTHING;
INSERT INTO project_skill (project_id, skill_id) VALUES (14, 47) ON CONFLICT DO NOTHING;
INSERT INTO project_skill (project_id, skill_id) VALUES (14, 35) ON CONFLICT DO NOTHING;
INSERT INTO project_skill (project_id, skill_id) VALUES (14, 45) ON CONFLICT DO NOTHING;
INSERT INTO project_skill (project_id, skill_id) VALUES (14, 65) ON CONFLICT DO NOTHING;
INSERT INTO project_skill (project_id, skill_id) VALUES (14, 14) ON CONFLICT DO NOTHING;
INSERT INTO project_skill (project_id, skill_id) VALUES (15, 1) ON CONFLICT DO NOTHING;
INSERT INTO project_skill (project_id, skill_id) VALUES (15, 121) ON CONFLICT DO NOTHING;
INSERT INTO project_skill (project_id, skill_id) VALUES (15, 4) ON CONFLICT DO NOTHING;
INSERT INTO project_skill (project_id, skill_id) VALUES (15, 91) ON CONFLICT DO NOTHING;
INSERT INTO project_skill (project_id, skill_id) VALUES (15, 85) ON CONFLICT DO NOTHING;
INSERT INTO project_skill (project_id, skill_id) VALUES (15, 2) ON CONFLICT DO NOTHING;
INSERT INTO project_skill (project_id, skill_id) VALUES (15, 6) ON CONFLICT DO NOTHING;
INSERT INTO project_skill (project_id, skill_id) VALUES (15, 115) ON CONFLICT DO NOTHING;
INSERT INTO project_skill (project_id, skill_id) VALUES (15, 121) ON CONFLICT DO NOTHING;
INSERT INTO project_skill (project_id, skill_id) VALUES (15, 71) ON CONFLICT DO NOTHING;
INSERT INTO project_skill (project_id, skill_id) VALUES (15, 89) ON CONFLICT DO NOTHING;
INSERT INTO project_skill (project_id, skill_id) VALUES (15, 6) ON CONFLICT DO NOTHING;
INSERT INTO project_skill (project_id, skill_id) VALUES (15, 1) ON CONFLICT DO NOTHING;
INSERT INTO project_skill (project_id, skill_id) VALUES (15, 42) ON CONFLICT DO NOTHING;
INSERT INTO project_skill (project_id, skill_id) VALUES (15, 43) ON CONFLICT DO NOTHING;
INSERT INTO project_skill (project_id, skill_id) VALUES (15, 47) ON CONFLICT DO NOTHING;
INSERT INTO project_skill (project_id, skill_id) VALUES (15, 13) ON CONFLICT DO NOTHING;
INSERT INTO project_skill (project_id, skill_id) VALUES (15, 6) ON CONFLICT DO NOTHING;
INSERT INTO project_skill (project_id, skill_id) VALUES (15, 18) ON CONFLICT DO NOTHING;
INSERT INTO project_skill (project_id, skill_id) VALUES (15, 10) ON CONFLICT DO NOTHING;
INSERT INTO project_skill (project_id, skill_id) VALUES (16, 4) ON CONFLICT DO NOTHING;
INSERT INTO project_skill (project_id, skill_id) VALUES (15, 65) ON CONFLICT DO NOTHING;
INSERT INTO project_skill (project_id, skill_id) VALUES (16, 40) ON CONFLICT DO NOTHING;
INSERT INTO project_skill (project_id, skill_id) VALUES (16, 2) ON CONFLICT DO NOTHING;
INSERT INTO project_skill (project_id, skill_id) VALUES (16, 105) ON CONFLICT DO NOTHING;
INSERT INTO project_skill (project_id, skill_id) VALUES (16, 28) ON CONFLICT DO NOTHING;
INSERT INTO project_skill (project_id, skill_id) VALUES (16, 74) ON CONFLICT DO NOTHING;
INSERT INTO project_skill (project_id, skill_id) VALUES (16, 19) ON CONFLICT DO NOTHING;
INSERT INTO project_skill (project_id, skill_id) VALUES (16, 108) ON CONFLICT DO NOTHING;
INSERT INTO project_skill (project_id, skill_id) VALUES (16, 56) ON CONFLICT DO NOTHING;
INSERT INTO project_skill (project_id, skill_id) VALUES (16, 1) ON CONFLICT DO NOTHING;
INSERT INTO project_skill (project_id, skill_id) VALUES (16, 42) ON CONFLICT DO NOTHING;
INSERT INTO project_skill (project_id, skill_id) VALUES (16, 43) ON CONFLICT DO NOTHING;
INSERT INTO project_skill (project_id, skill_id) VALUES (16, 47) ON CONFLICT DO NOTHING;
INSERT INTO project_skill (project_id, skill_id) VALUES (16, 45) ON CONFLICT DO NOTHING;
INSERT INTO project_skill (project_id, skill_id) VALUES (16, 128) ON CONFLICT DO NOTHING;
INSERT INTO project_skill (project_id, skill_id) VALUES (16, 104) ON CONFLICT DO NOTHING;
INSERT INTO project_skill (project_id, skill_id) VALUES (16, 18) ON CONFLICT DO NOTHING;
INSERT INTO project_skill (project_id, skill_id) VALUES (16, 56) ON CONFLICT DO NOTHING;
INSERT INTO project_skill (project_id, skill_id) VALUES (17, 7) ON CONFLICT DO NOTHING;
INSERT INTO project_skill (project_id, skill_id) VALUES (17, 79) ON CONFLICT DO NOTHING;
INSERT INTO project_skill (project_id, skill_id) VALUES (17, 46) ON CONFLICT DO NOTHING;
INSERT INTO project_skill (project_id, skill_id) VALUES (17, 85) ON CONFLICT DO NOTHING;
INSERT INTO project_skill (project_id, skill_id) VALUES (17, 69) ON CONFLICT DO NOTHING;
INSERT INTO project_skill (project_id, skill_id) VALUES (17, 62) ON CONFLICT DO NOTHING;
INSERT INTO project_skill (project_id, skill_id) VALUES (17, 2) ON CONFLICT DO NOTHING;
INSERT INTO project_skill (project_id, skill_id) VALUES (17, 6) ON CONFLICT DO NOTHING;
INSERT INTO project_skill (project_id, skill_id) VALUES (17, 49) ON CONFLICT DO NOTHING;
INSERT INTO project_skill (project_id, skill_id) VALUES (17, 90) ON CONFLICT DO NOTHING;
INSERT INTO project_skill (project_id, skill_id) VALUES (17, 1) ON CONFLICT DO NOTHING;
INSERT INTO project_skill (project_id, skill_id) VALUES (17, 42) ON CONFLICT DO NOTHING;
INSERT INTO project_skill (project_id, skill_id) VALUES (17, 43) ON CONFLICT DO NOTHING;
INSERT INTO project_skill (project_id, skill_id) VALUES (17, 47) ON CONFLICT DO NOTHING;
INSERT INTO project_skill (project_id, skill_id) VALUES (17, 44) ON CONFLICT DO NOTHING;
INSERT INTO project_skill (project_id, skill_id) VALUES (17, 10) ON CONFLICT DO NOTHING;
INSERT INTO project_skill (project_id, skill_id) VALUES (17, 90) ON CONFLICT DO NOTHING;
INSERT INTO project_skill (project_id, skill_id) VALUES (18, 1) ON CONFLICT DO NOTHING;
INSERT INTO project_skill (project_id, skill_id) VALUES (18, 39) ON CONFLICT DO NOTHING;
INSERT INTO project_skill (project_id, skill_id) VALUES (18, 121) ON CONFLICT DO NOTHING;
INSERT INTO project_skill (project_id, skill_id) VALUES (18, 119) ON CONFLICT DO NOTHING;
INSERT INTO project_skill (project_id, skill_id) VALUES (18, 2) ON CONFLICT DO NOTHING;
INSERT INTO project_skill (project_id, skill_id) VALUES (18, 55) ON CONFLICT DO NOTHING;
INSERT INTO project_skill (project_id, skill_id) VALUES (18, 3) ON CONFLICT DO NOTHING;
INSERT INTO project_skill (project_id, skill_id) VALUES (18, 88) ON CONFLICT DO NOTHING;
INSERT INTO project_skill (project_id, skill_id) VALUES (18, 5) ON CONFLICT DO NOTHING;
INSERT INTO project_skill (project_id, skill_id) VALUES (18, 1) ON CONFLICT DO NOTHING;
INSERT INTO project_skill (project_id, skill_id) VALUES (18, 42) ON CONFLICT DO NOTHING;
INSERT INTO project_skill (project_id, skill_id) VALUES (18, 43) ON CONFLICT DO NOTHING;
INSERT INTO project_skill (project_id, skill_id) VALUES (18, 47) ON CONFLICT DO NOTHING;
INSERT INTO project_skill (project_id, skill_id) VALUES (18, 128) ON CONFLICT DO NOTHING;
INSERT INTO project_skill (project_id, skill_id) VALUES (18, 113) ON CONFLICT DO NOTHING;
INSERT INTO project_skill (project_id, skill_id) VALUES (18, 15) ON CONFLICT DO NOTHING;
INSERT INTO project_skill (project_id, skill_id) VALUES (18, 62) ON CONFLICT DO NOTHING;
INSERT INTO project_skill (project_id, skill_id) VALUES (18, 10) ON CONFLICT DO NOTHING;
INSERT INTO project_skill (project_id, skill_id) VALUES (19, 4) ON CONFLICT DO NOTHING;
INSERT INTO project_skill (project_id, skill_id) VALUES (19, 64) ON CONFLICT DO NOTHING;
INSERT INTO project_skill (project_id, skill_id) VALUES (19, 65) ON CONFLICT DO NOTHING;
INSERT INTO project_skill (project_id, skill_id) VALUES (19, 2) ON CONFLICT DO NOTHING;
INSERT INTO project_skill (project_id, skill_id) VALUES (19, 2) ON CONFLICT DO NOTHING;
INSERT INTO project_skill (project_id, skill_id) VALUES (19, 49) ON CONFLICT DO NOTHING;
INSERT INTO project_skill (project_id, skill_id) VALUES (19, 57) ON CONFLICT DO NOTHING;
INSERT INTO project_skill (project_id, skill_id) VALUES (19, 108) ON CONFLICT DO NOTHING;
INSERT INTO project_skill (project_id, skill_id) VALUES (19, 116) ON CONFLICT DO NOTHING;
INSERT INTO project_skill (project_id, skill_id) VALUES (19, 1) ON CONFLICT DO NOTHING;
INSERT INTO project_skill (project_id, skill_id) VALUES (19, 42) ON CONFLICT DO NOTHING;
INSERT INTO project_skill (project_id, skill_id) VALUES (19, 43) ON CONFLICT DO NOTHING;
INSERT INTO project_skill (project_id, skill_id) VALUES (19, 47) ON CONFLICT DO NOTHING;
INSERT INTO project_skill (project_id, skill_id) VALUES (19, 113) ON CONFLICT DO NOTHING;
INSERT INTO project_skill (project_id, skill_id) VALUES (19, 46) ON CONFLICT DO NOTHING;
INSERT INTO project_skill (project_id, skill_id) VALUES (19, 44) ON CONFLICT DO NOTHING;
INSERT INTO project_skill (project_id, skill_id) VALUES (20, 1) ON CONFLICT DO NOTHING;
INSERT INTO project_skill (project_id, skill_id) VALUES (20, 39) ON CONFLICT DO NOTHING;
INSERT INTO project_skill (project_id, skill_id) VALUES (20, 93) ON CONFLICT DO NOTHING;
INSERT INTO project_skill (project_id, skill_id) VALUES (20, 31) ON CONFLICT DO NOTHING;
INSERT INTO project_skill (project_id, skill_id) VALUES (20, 73) ON CONFLICT DO NOTHING;
INSERT INTO project_skill (project_id, skill_id) VALUES (20, 2) ON CONFLICT DO NOTHING;
INSERT INTO project_skill (project_id, skill_id) VALUES (20, 49) ON CONFLICT DO NOTHING;
INSERT INTO project_skill (project_id, skill_id) VALUES (20, 50) ON CONFLICT DO NOTHING;
INSERT INTO project_skill (project_id, skill_id) VALUES (20, 51) ON CONFLICT DO NOTHING;
INSERT INTO project_skill (project_id, skill_id) VALUES (20, 1) ON CONFLICT DO NOTHING;
INSERT INTO project_skill (project_id, skill_id) VALUES (20, 42) ON CONFLICT DO NOTHING;
INSERT INTO project_skill (project_id, skill_id) VALUES (20, 43) ON CONFLICT DO NOTHING;
INSERT INTO project_skill (project_id, skill_id) VALUES (20, 47) ON CONFLICT DO NOTHING;
INSERT INTO project_skill (project_id, skill_id) VALUES (20, 113) ON CONFLICT DO NOTHING;
INSERT INTO project_skill (project_id, skill_id) VALUES (21, 4) ON CONFLICT DO NOTHING;
INSERT INTO project_skill (project_id, skill_id) VALUES (21, 65) ON CONFLICT DO NOTHING;
INSERT INTO project_skill (project_id, skill_id) VALUES (21, 97) ON CONFLICT DO NOTHING;
INSERT INTO project_skill (project_id, skill_id) VALUES (21, 1) ON CONFLICT DO NOTHING;
INSERT INTO project_skill (project_id, skill_id) VALUES (21, 49) ON CONFLICT DO NOTHING;
INSERT INTO project_skill (project_id, skill_id) VALUES (21, 50) ON CONFLICT DO NOTHING;
INSERT INTO project_skill (project_id, skill_id) VALUES (21, 51) ON CONFLICT DO NOTHING;
INSERT INTO project_skill (project_id, skill_id) VALUES (21, 34) ON CONFLICT DO NOTHING;
INSERT INTO project_skill (project_id, skill_id) VALUES (21, 12) ON CONFLICT DO NOTHING;
INSERT INTO project_skill (project_id, skill_id) VALUES (21, 33) ON CONFLICT DO NOTHING;
INSERT INTO project_skill (project_id, skill_id) VALUES (21, 1) ON CONFLICT DO NOTHING;
INSERT INTO project_skill (project_id, skill_id) VALUES (21, 42) ON CONFLICT DO NOTHING;
INSERT INTO project_skill (project_id, skill_id) VALUES (21, 43) ON CONFLICT DO NOTHING;
INSERT INTO project_skill (project_id, skill_id) VALUES (21, 47) ON CONFLICT DO NOTHING;
INSERT INTO project_skill (project_id, skill_id) VALUES (21, 20) ON CONFLICT DO NOTHING;
INSERT INTO project_skill (project_id, skill_id) VALUES (21, 112) ON CONFLICT DO NOTHING;
INSERT INTO project_skill (project_id, skill_id) VALUES (21, 39) ON CONFLICT DO NOTHING;
INSERT INTO project_skill (project_id, skill_id) VALUES (21, 14) ON CONFLICT DO NOTHING;
INSERT INTO project_skill (project_id, skill_id) VALUES (22, 7) ON CONFLICT DO NOTHING;
INSERT INTO project_skill (project_id, skill_id) VALUES (22, 80) ON CONFLICT DO NOTHING;
INSERT INTO project_skill (project_id, skill_id) VALUES (22, 7) ON CONFLICT DO NOTHING;
INSERT INTO project_skill (project_id, skill_id) VALUES (22, 2) ON CONFLICT DO NOTHING;
INSERT INTO project_skill (project_id, skill_id) VALUES (22, 49) ON CONFLICT DO NOTHING;
INSERT INTO project_skill (project_id, skill_id) VALUES (22, 50) ON CONFLICT DO NOTHING;
INSERT INTO project_skill (project_id, skill_id) VALUES (22, 51) ON CONFLICT DO NOTHING;
INSERT INTO project_skill (project_id, skill_id) VALUES (22, 56) ON CONFLICT DO NOTHING;
INSERT INTO project_skill (project_id, skill_id) VALUES (22, 1) ON CONFLICT DO NOTHING;
INSERT INTO project_skill (project_id, skill_id) VALUES (22, 42) ON CONFLICT DO NOTHING;
INSERT INTO project_skill (project_id, skill_id) VALUES (22, 43) ON CONFLICT DO NOTHING;
INSERT INTO project_skill (project_id, skill_id) VALUES (22, 47) ON CONFLICT DO NOTHING;
INSERT INTO project_skill (project_id, skill_id) VALUES (22, 128) ON CONFLICT DO NOTHING;
INSERT INTO project_skill (project_id, skill_id) VALUES (22, 4) ON CONFLICT DO NOTHING;
INSERT INTO project_skill (project_id, skill_id) VALUES (23, 3) ON CONFLICT DO NOTHING;
INSERT INTO project_skill (project_id, skill_id) VALUES (23, 117) ON CONFLICT DO NOTHING;
INSERT INTO project_skill (project_id, skill_id) VALUES (23, 113) ON CONFLICT DO NOTHING;
INSERT INTO project_skill (project_id, skill_id) VALUES (23, 2) ON CONFLICT DO NOTHING;
INSERT INTO project_skill (project_id, skill_id) VALUES (23, 90) ON CONFLICT DO NOTHING;
INSERT INTO project_skill (project_id, skill_id) VALUES (23, 1) ON CONFLICT DO NOTHING;
INSERT INTO project_skill (project_id, skill_id) VALUES (23, 42) ON CONFLICT DO NOTHING;
INSERT INTO project_skill (project_id, skill_id) VALUES (23, 43) ON CONFLICT DO NOTHING;
INSERT INTO project_skill (project_id, skill_id) VALUES (23, 47) ON CONFLICT DO NOTHING;
INSERT INTO project_skill (project_id, skill_id) VALUES (23, 20) ON CONFLICT DO NOTHING;
INSERT INTO project_skill (project_id, skill_id) VALUES (23, 46) ON CONFLICT DO NOTHING;
INSERT INTO project_skill (project_id, skill_id) VALUES (23, 112) ON CONFLICT DO NOTHING;
INSERT INTO project_skill (project_id, skill_id) VALUES (23, 109) ON CONFLICT DO NOTHING;
INSERT INTO project_skill (project_id, skill_id) VALUES (23, 16) ON CONFLICT DO NOTHING;
INSERT INTO project_skill (project_id, skill_id) VALUES (24, 1) ON CONFLICT DO NOTHING;
INSERT INTO project_skill (project_id, skill_id) VALUES (24, 40) ON CONFLICT DO NOTHING;
INSERT INTO project_skill (project_id, skill_id) VALUES (24, 2) ON CONFLICT DO NOTHING;
INSERT INTO project_skill (project_id, skill_id) VALUES (24, 57) ON CONFLICT DO NOTHING;
INSERT INTO project_skill (project_id, skill_id) VALUES (24, 13) ON CONFLICT DO NOTHING;
INSERT INTO project_skill (project_id, skill_id) VALUES (24, 103) ON CONFLICT DO NOTHING;
INSERT INTO project_skill (project_id, skill_id) VALUES (24, 1) ON CONFLICT DO NOTHING;
INSERT INTO project_skill (project_id, skill_id) VALUES (24, 42) ON CONFLICT DO NOTHING;
INSERT INTO project_skill (project_id, skill_id) VALUES (24, 43) ON CONFLICT DO NOTHING;
INSERT INTO project_skill (project_id, skill_id) VALUES (24, 47) ON CONFLICT DO NOTHING;
INSERT INTO project_skill (project_id, skill_id) VALUES (24, 18) ON CONFLICT DO NOTHING;
INSERT INTO project_skill (project_id, skill_id) VALUES (24, 33) ON CONFLICT DO NOTHING;
INSERT INTO project_skill (project_id, skill_id) VALUES (25, 1) ON CONFLICT DO NOTHING;
INSERT INTO project_skill (project_id, skill_id) VALUES (25, 48) ON CONFLICT DO NOTHING;
INSERT INTO project_skill (project_id, skill_id) VALUES (25, 121) ON CONFLICT DO NOTHING;
INSERT INTO project_skill (project_id, skill_id) VALUES (25, 16) ON CONFLICT DO NOTHING;
INSERT INTO project_skill (project_id, skill_id) VALUES (25, 6) ON CONFLICT DO NOTHING;
INSERT INTO project_skill (project_id, skill_id) VALUES (25, 2) ON CONFLICT DO NOTHING;
INSERT INTO project_skill (project_id, skill_id) VALUES (25, 51) ON CONFLICT DO NOTHING;
INSERT INTO project_skill (project_id, skill_id) VALUES (25, 12) ON CONFLICT DO NOTHING;
INSERT INTO project_skill (project_id, skill_id) VALUES (25, 87) ON CONFLICT DO NOTHING;
INSERT INTO project_skill (project_id, skill_id) VALUES (25, 1) ON CONFLICT DO NOTHING;
INSERT INTO project_skill (project_id, skill_id) VALUES (25, 42) ON CONFLICT DO NOTHING;
INSERT INTO project_skill (project_id, skill_id) VALUES (25, 43) ON CONFLICT DO NOTHING;
INSERT INTO project_skill (project_id, skill_id) VALUES (25, 47) ON CONFLICT DO NOTHING;
INSERT INTO project_skill (project_id, skill_id) VALUES (25, 20) ON CONFLICT DO NOTHING;
INSERT INTO project_skill (project_id, skill_id) VALUES (25, 87) ON CONFLICT DO NOTHING;
INSERT INTO project_skill (project_id, skill_id) VALUES (25, 100) ON CONFLICT DO NOTHING;
INSERT INTO project_skill (project_id, skill_id) VALUES (26, 1) ON CONFLICT DO NOTHING;
INSERT INTO project_skill (project_id, skill_id) VALUES (26, 40) ON CONFLICT DO NOTHING;
INSERT INTO project_skill (project_id, skill_id) VALUES (26, 84) ON CONFLICT DO NOTHING;
INSERT INTO project_skill (project_id, skill_id) VALUES (26, 15) ON CONFLICT DO NOTHING;
INSERT INTO project_skill (project_id, skill_id) VALUES (26, 19) ON CONFLICT DO NOTHING;
INSERT INTO project_skill (project_id, skill_id) VALUES (26, 31) ON CONFLICT DO NOTHING;
INSERT INTO project_skill (project_id, skill_id) VALUES (26, 38) ON CONFLICT DO NOTHING;
INSERT INTO project_skill (project_id, skill_id) VALUES (26, 2) ON CONFLICT DO NOTHING;
INSERT INTO project_skill (project_id, skill_id) VALUES (26, 49) ON CONFLICT DO NOTHING;
INSERT INTO project_skill (project_id, skill_id) VALUES (26, 67) ON CONFLICT DO NOTHING;
INSERT INTO project_skill (project_id, skill_id) VALUES (26, 1) ON CONFLICT DO NOTHING;
INSERT INTO project_skill (project_id, skill_id) VALUES (26, 42) ON CONFLICT DO NOTHING;
INSERT INTO project_skill (project_id, skill_id) VALUES (26, 43) ON CONFLICT DO NOTHING;
INSERT INTO project_skill (project_id, skill_id) VALUES (26, 47) ON CONFLICT DO NOTHING;
INSERT INTO project_skill (project_id, skill_id) VALUES (26, 35) ON CONFLICT DO NOTHING;
INSERT INTO project_skill (project_id, skill_id) VALUES (26, 121) ON CONFLICT DO NOTHING;
INSERT INTO project_skill (project_id, skill_id) VALUES (26, 91) ON CONFLICT DO NOTHING;
INSERT INTO project_skill (project_id, skill_id) VALUES (26, 14) ON CONFLICT DO NOTHING;
INSERT INTO project_skill (project_id, skill_id) VALUES (27, 3) ON CONFLICT DO NOTHING;
INSERT INTO project_skill (project_id, skill_id) VALUES (27, 53) ON CONFLICT DO NOTHING;
INSERT INTO project_skill (project_id, skill_id) VALUES (27, 85) ON CONFLICT DO NOTHING;
INSERT INTO project_skill (project_id, skill_id) VALUES (27, 93) ON CONFLICT DO NOTHING;
INSERT INTO project_skill (project_id, skill_id) VALUES (27, 61) ON CONFLICT DO NOTHING;
INSERT INTO project_skill (project_id, skill_id) VALUES (27, 2) ON CONFLICT DO NOTHING;
INSERT INTO project_skill (project_id, skill_id) VALUES (27, 70) ON CONFLICT DO NOTHING;
INSERT INTO project_skill (project_id, skill_id) VALUES (27, 1) ON CONFLICT DO NOTHING;
INSERT INTO project_skill (project_id, skill_id) VALUES (27, 42) ON CONFLICT DO NOTHING;
INSERT INTO project_skill (project_id, skill_id) VALUES (27, 43) ON CONFLICT DO NOTHING;
INSERT INTO project_skill (project_id, skill_id) VALUES (27, 47) ON CONFLICT DO NOTHING;
INSERT INTO project_skill (project_id, skill_id) VALUES (27, 20) ON CONFLICT DO NOTHING;
INSERT INTO project_skill (project_id, skill_id) VALUES (27, 44) ON CONFLICT DO NOTHING;
INSERT INTO project_skill (project_id, skill_id) VALUES (27, 97) ON CONFLICT DO NOTHING;
INSERT INTO project_skill (project_id, skill_id) VALUES (27, 93) ON CONFLICT DO NOTHING;
INSERT INTO project_skill (project_id, skill_id) VALUES (27, 52) ON CONFLICT DO NOTHING;
INSERT INTO project_skill (project_id, skill_id) VALUES (28, 4) ON CONFLICT DO NOTHING;
INSERT INTO project_skill (project_id, skill_id) VALUES (28, 65) ON CONFLICT DO NOTHING;
INSERT INTO project_skill (project_id, skill_id) VALUES (28, 95) ON CONFLICT DO NOTHING;
INSERT INTO project_skill (project_id, skill_id) VALUES (28, 121) ON CONFLICT DO NOTHING;
INSERT INTO project_skill (project_id, skill_id) VALUES (28, 3) ON CONFLICT DO NOTHING;
INSERT INTO project_skill (project_id, skill_id) VALUES (28, 20) ON CONFLICT DO NOTHING;
INSERT INTO project_skill (project_id, skill_id) VALUES (28, 38) ON CONFLICT DO NOTHING;
INSERT INTO project_skill (project_id, skill_id) VALUES (28, 2) ON CONFLICT DO NOTHING;
INSERT INTO project_skill (project_id, skill_id) VALUES (28, 56) ON CONFLICT DO NOTHING;
INSERT INTO project_skill (project_id, skill_id) VALUES (28, 128) ON CONFLICT DO NOTHING;
INSERT INTO project_skill (project_id, skill_id) VALUES (28, 1) ON CONFLICT DO NOTHING;
INSERT INTO project_skill (project_id, skill_id) VALUES (28, 42) ON CONFLICT DO NOTHING;
INSERT INTO project_skill (project_id, skill_id) VALUES (28, 43) ON CONFLICT DO NOTHING;
INSERT INTO project_skill (project_id, skill_id) VALUES (28, 47) ON CONFLICT DO NOTHING;
INSERT INTO project_skill (project_id, skill_id) VALUES (28, 112) ON CONFLICT DO NOTHING;
INSERT INTO project_skill (project_id, skill_id) VALUES (28, 18) ON CONFLICT DO NOTHING;
INSERT INTO project_skill (project_id, skill_id) VALUES (28, 13) ON CONFLICT DO NOTHING;
INSERT INTO project_skill (project_id, skill_id) VALUES (29, 1) ON CONFLICT DO NOTHING;
INSERT INTO project_skill (project_id, skill_id) VALUES (29, 120) ON CONFLICT DO NOTHING;
INSERT INTO project_skill (project_id, skill_id) VALUES (29, 55) ON CONFLICT DO NOTHING;
INSERT INTO project_skill (project_id, skill_id) VALUES (29, 82) ON CONFLICT DO NOTHING;
INSERT INTO project_skill (project_id, skill_id) VALUES (29, 25) ON CONFLICT DO NOTHING;
INSERT INTO project_skill (project_id, skill_id) VALUES (29, 83) ON CONFLICT DO NOTHING;
INSERT INTO project_skill (project_id, skill_id) VALUES (29, 2) ON CONFLICT DO NOTHING;
INSERT INTO project_skill (project_id, skill_id) VALUES (29, 49) ON CONFLICT DO NOTHING;
INSERT INTO project_skill (project_id, skill_id) VALUES (29, 50) ON CONFLICT DO NOTHING;
INSERT INTO project_skill (project_id, skill_id) VALUES (29, 51) ON CONFLICT DO NOTHING;
INSERT INTO project_skill (project_id, skill_id) VALUES (29, 83) ON CONFLICT DO NOTHING;
INSERT INTO project_skill (project_id, skill_id) VALUES (29, 19) ON CONFLICT DO NOTHING;
INSERT INTO project_skill (project_id, skill_id) VALUES (29, 87) ON CONFLICT DO NOTHING;
INSERT INTO project_skill (project_id, skill_id) VALUES (29, 121) ON CONFLICT DO NOTHING;
INSERT INTO project_skill (project_id, skill_id) VALUES (29, 73) ON CONFLICT DO NOTHING;
INSERT INTO project_skill (project_id, skill_id) VALUES (29, 1) ON CONFLICT DO NOTHING;
INSERT INTO project_skill (project_id, skill_id) VALUES (29, 42) ON CONFLICT DO NOTHING;
INSERT INTO project_skill (project_id, skill_id) VALUES (29, 43) ON CONFLICT DO NOTHING;
INSERT INTO project_skill (project_id, skill_id) VALUES (29, 47) ON CONFLICT DO NOTHING;
INSERT INTO project_skill (project_id, skill_id) VALUES (29, 20) ON CONFLICT DO NOTHING;
INSERT INTO project_skill (project_id, skill_id) VALUES (29, 79) ON CONFLICT DO NOTHING;
INSERT INTO project_skill (project_id, skill_id) VALUES (29, 121) ON CONFLICT DO NOTHING;
INSERT INTO project_skill (project_id, skill_id) VALUES (30, 3) ON CONFLICT DO NOTHING;
INSERT INTO project_skill (project_id, skill_id) VALUES (30, 117) ON CONFLICT DO NOTHING;
INSERT INTO project_skill (project_id, skill_id) VALUES (30, 62) ON CONFLICT DO NOTHING;
INSERT INTO project_skill (project_id, skill_id) VALUES (30, 100) ON CONFLICT DO NOTHING;
INSERT INTO project_skill (project_id, skill_id) VALUES (30, 81) ON CONFLICT DO NOTHING;
INSERT INTO project_skill (project_id, skill_id) VALUES (30, 14) ON CONFLICT DO NOTHING;
INSERT INTO project_skill (project_id, skill_id) VALUES (30, 2) ON CONFLICT DO NOTHING;
INSERT INTO project_skill (project_id, skill_id) VALUES (30, 14) ON CONFLICT DO NOTHING;
INSERT INTO project_skill (project_id, skill_id) VALUES (30, 93) ON CONFLICT DO NOTHING;
INSERT INTO project_skill (project_id, skill_id) VALUES (30, 11) ON CONFLICT DO NOTHING;
INSERT INTO project_skill (project_id, skill_id) VALUES (30, 16) ON CONFLICT DO NOTHING;
INSERT INTO project_skill (project_id, skill_id) VALUES (30, 11) ON CONFLICT DO NOTHING;
INSERT INTO project_skill (project_id, skill_id) VALUES (30, 1) ON CONFLICT DO NOTHING;
INSERT INTO project_skill (project_id, skill_id) VALUES (30, 42) ON CONFLICT DO NOTHING;
INSERT INTO project_skill (project_id, skill_id) VALUES (30, 43) ON CONFLICT DO NOTHING;
INSERT INTO project_skill (project_id, skill_id) VALUES (30, 47) ON CONFLICT DO NOTHING;
INSERT INTO project_skill (project_id, skill_id) VALUES (30, 113) ON CONFLICT DO NOTHING;
INSERT INTO project_skill (project_id, skill_id) VALUES (30, 14) ON CONFLICT DO NOTHING;
INSERT INTO project_skill (project_id, skill_id) VALUES (31, 4) ON CONFLICT DO NOTHING;
INSERT INTO project_skill (project_id, skill_id) VALUES (31, 65) ON CONFLICT DO NOTHING;
INSERT INTO project_skill (project_id, skill_id) VALUES (31, 29) ON CONFLICT DO NOTHING;
INSERT INTO project_skill (project_id, skill_id) VALUES (31, 82) ON CONFLICT DO NOTHING;
INSERT INTO project_skill (project_id, skill_id) VALUES (31, 14) ON CONFLICT DO NOTHING;
INSERT INTO project_skill (project_id, skill_id) VALUES (31, 33) ON CONFLICT DO NOTHING;
INSERT INTO project_skill (project_id, skill_id) VALUES (31, 91) ON CONFLICT DO NOTHING;
INSERT INTO project_skill (project_id, skill_id) VALUES (31, 61) ON CONFLICT DO NOTHING;
INSERT INTO project_skill (project_id, skill_id) VALUES (31, 2) ON CONFLICT DO NOTHING;
INSERT INTO project_skill (project_id, skill_id) VALUES (31, 115) ON CONFLICT DO NOTHING;
INSERT INTO project_skill (project_id, skill_id) VALUES (31, 74) ON CONFLICT DO NOTHING;
INSERT INTO project_skill (project_id, skill_id) VALUES (31, 1) ON CONFLICT DO NOTHING;
INSERT INTO project_skill (project_id, skill_id) VALUES (31, 42) ON CONFLICT DO NOTHING;
INSERT INTO project_skill (project_id, skill_id) VALUES (31, 43) ON CONFLICT DO NOTHING;
INSERT INTO project_skill (project_id, skill_id) VALUES (31, 47) ON CONFLICT DO NOTHING;
INSERT INTO project_skill (project_id, skill_id) VALUES (31, 45) ON CONFLICT DO NOTHING;
INSERT INTO project_skill (project_id, skill_id) VALUES (31, 128) ON CONFLICT DO NOTHING;
INSERT INTO project_skill (project_id, skill_id) VALUES (31, 16) ON CONFLICT DO NOTHING;
INSERT INTO project_skill (project_id, skill_id) VALUES (31, 76) ON CONFLICT DO NOTHING;
INSERT INTO project_skill (project_id, skill_id) VALUES (32, 1) ON CONFLICT DO NOTHING;
INSERT INTO project_skill (project_id, skill_id) VALUES (32, 79) ON CONFLICT DO NOTHING;
INSERT INTO project_skill (project_id, skill_id) VALUES (32, 33) ON CONFLICT DO NOTHING;
INSERT INTO project_skill (project_id, skill_id) VALUES (32, 24) ON CONFLICT DO NOTHING;
INSERT INTO project_skill (project_id, skill_id) VALUES (32, 38) ON CONFLICT DO NOTHING;
INSERT INTO project_skill (project_id, skill_id) VALUES (32, 2) ON CONFLICT DO NOTHING;
INSERT INTO project_skill (project_id, skill_id) VALUES (32, 49) ON CONFLICT DO NOTHING;
INSERT INTO project_skill (project_id, skill_id) VALUES (32, 50) ON CONFLICT DO NOTHING;
INSERT INTO project_skill (project_id, skill_id) VALUES (32, 51) ON CONFLICT DO NOTHING;
INSERT INTO project_skill (project_id, skill_id) VALUES (32, 1) ON CONFLICT DO NOTHING;
INSERT INTO project_skill (project_id, skill_id) VALUES (32, 42) ON CONFLICT DO NOTHING;
INSERT INTO project_skill (project_id, skill_id) VALUES (32, 43) ON CONFLICT DO NOTHING;
INSERT INTO project_skill (project_id, skill_id) VALUES (32, 47) ON CONFLICT DO NOTHING;
INSERT INTO project_skill (project_id, skill_id) VALUES (32, 128) ON CONFLICT DO NOTHING;
INSERT INTO project_skill (project_id, skill_id) VALUES (32, 4) ON CONFLICT DO NOTHING;
INSERT INTO project_skill (project_id, skill_id) VALUES (33, 1) ON CONFLICT DO NOTHING;
INSERT INTO project_skill (project_id, skill_id) VALUES (32, 41) ON CONFLICT DO NOTHING;
INSERT INTO project_skill (project_id, skill_id) VALUES (33, 39) ON CONFLICT DO NOTHING;
INSERT INTO project_skill (project_id, skill_id) VALUES (33, 67) ON CONFLICT DO NOTHING;
INSERT INTO project_skill (project_id, skill_id) VALUES (33, 2) ON CONFLICT DO NOTHING;
INSERT INTO project_skill (project_id, skill_id) VALUES (33, 14) ON CONFLICT DO NOTHING;
INSERT INTO project_skill (project_id, skill_id) VALUES (33, 83) ON CONFLICT DO NOTHING;
INSERT INTO project_skill (project_id, skill_id) VALUES (33, 4) ON CONFLICT DO NOTHING;
INSERT INTO project_skill (project_id, skill_id) VALUES (33, 1) ON CONFLICT DO NOTHING;
INSERT INTO project_skill (project_id, skill_id) VALUES (33, 42) ON CONFLICT DO NOTHING;
INSERT INTO project_skill (project_id, skill_id) VALUES (33, 43) ON CONFLICT DO NOTHING;
INSERT INTO project_skill (project_id, skill_id) VALUES (33, 47) ON CONFLICT DO NOTHING;
INSERT INTO project_skill (project_id, skill_id) VALUES (33, 18) ON CONFLICT DO NOTHING;
INSERT INTO project_skill (project_id, skill_id) VALUES (34, 1) ON CONFLICT DO NOTHING;
INSERT INTO project_skill (project_id, skill_id) VALUES (34, 39) ON CONFLICT DO NOTHING;
INSERT INTO project_skill (project_id, skill_id) VALUES (34, 41) ON CONFLICT DO NOTHING;
INSERT INTO project_skill (project_id, skill_id) VALUES (34, 40) ON CONFLICT DO NOTHING;
INSERT INTO project_skill (project_id, skill_id) VALUES (34, 2) ON CONFLICT DO NOTHING;
INSERT INTO project_skill (project_id, skill_id) VALUES (34, 49) ON CONFLICT DO NOTHING;
INSERT INTO project_skill (project_id, skill_id) VALUES (34, 52) ON CONFLICT DO NOTHING;
INSERT INTO project_skill (project_id, skill_id) VALUES (34, 1) ON CONFLICT DO NOTHING;
INSERT INTO project_skill (project_id, skill_id) VALUES (34, 42) ON CONFLICT DO NOTHING;
INSERT INTO project_skill (project_id, skill_id) VALUES (34, 43) ON CONFLICT DO NOTHING;
INSERT INTO project_skill (project_id, skill_id) VALUES (34, 47) ON CONFLICT DO NOTHING;
INSERT INTO project_skill (project_id, skill_id) VALUES (34, 128) ON CONFLICT DO NOTHING;
INSERT INTO project_skill (project_id, skill_id) VALUES (34, 112) ON CONFLICT DO NOTHING;
INSERT INTO project_skill (project_id, skill_id) VALUES (34, 76) ON CONFLICT DO NOTHING;
INSERT INTO project_skill (project_id, skill_id) VALUES (34, 55) ON CONFLICT DO NOTHING;
INSERT INTO project_skill (project_id, skill_id) VALUES (35, 3) ON CONFLICT DO NOTHING;
INSERT INTO project_skill (project_id, skill_id) VALUES (35, 53) ON CONFLICT DO NOTHING;
INSERT INTO project_skill (project_id, skill_id) VALUES (35, 60) ON CONFLICT DO NOTHING;
INSERT INTO project_skill (project_id, skill_id) VALUES (35, 61) ON CONFLICT DO NOTHING;
INSERT INTO project_skill (project_id, skill_id) VALUES (35, 108) ON CONFLICT DO NOTHING;
INSERT INTO project_skill (project_id, skill_id) VALUES (35, 28) ON CONFLICT DO NOTHING;
INSERT INTO project_skill (project_id, skill_id) VALUES (35, 2) ON CONFLICT DO NOTHING;
INSERT INTO project_skill (project_id, skill_id) VALUES (35, 90) ON CONFLICT DO NOTHING;
INSERT INTO project_skill (project_id, skill_id) VALUES (35, 57) ON CONFLICT DO NOTHING;
INSERT INTO project_skill (project_id, skill_id) VALUES (35, 1) ON CONFLICT DO NOTHING;
INSERT INTO project_skill (project_id, skill_id) VALUES (35, 42) ON CONFLICT DO NOTHING;
INSERT INTO project_skill (project_id, skill_id) VALUES (35, 43) ON CONFLICT DO NOTHING;
INSERT INTO project_skill (project_id, skill_id) VALUES (35, 47) ON CONFLICT DO NOTHING;
INSERT INTO project_skill (project_id, skill_id) VALUES (35, 45) ON CONFLICT DO NOTHING;
INSERT INTO project_skill (project_id, skill_id) VALUES (35, 19) ON CONFLICT DO NOTHING;
INSERT INTO project_skill (project_id, skill_id) VALUES (35, 49) ON CONFLICT DO NOTHING;
INSERT INTO project_skill (project_id, skill_id) VALUES (35, 114) ON CONFLICT DO NOTHING;
INSERT INTO project_skill (project_id, skill_id) VALUES (35, 14) ON CONFLICT DO NOTHING;
INSERT INTO project_skill (project_id, skill_id) VALUES (36, 7) ON CONFLICT DO NOTHING;
INSERT INTO project_skill (project_id, skill_id) VALUES (36, 78) ON CONFLICT DO NOTHING;
INSERT INTO project_skill (project_id, skill_id) VALUES (36, 46) ON CONFLICT DO NOTHING;
INSERT INTO project_skill (project_id, skill_id) VALUES (36, 85) ON CONFLICT DO NOTHING;
INSERT INTO project_skill (project_id, skill_id) VALUES (36, 69) ON CONFLICT DO NOTHING;
INSERT INTO project_skill (project_id, skill_id) VALUES (36, 2) ON CONFLICT DO NOTHING;
INSERT INTO project_skill (project_id, skill_id) VALUES (36, 6) ON CONFLICT DO NOTHING;
INSERT INTO project_skill (project_id, skill_id) VALUES (36, 57) ON CONFLICT DO NOTHING;
INSERT INTO project_skill (project_id, skill_id) VALUES (36, 108) ON CONFLICT DO NOTHING;
INSERT INTO project_skill (project_id, skill_id) VALUES (36, 64) ON CONFLICT DO NOTHING;
INSERT INTO project_skill (project_id, skill_id) VALUES (36, 1) ON CONFLICT DO NOTHING;
INSERT INTO project_skill (project_id, skill_id) VALUES (36, 42) ON CONFLICT DO NOTHING;
INSERT INTO project_skill (project_id, skill_id) VALUES (36, 43) ON CONFLICT DO NOTHING;
INSERT INTO project_skill (project_id, skill_id) VALUES (36, 47) ON CONFLICT DO NOTHING;
INSERT INTO project_skill (project_id, skill_id) VALUES (36, 104) ON CONFLICT DO NOTHING;
INSERT INTO project_skill (project_id, skill_id) VALUES (36, 97) ON CONFLICT DO NOTHING;
INSERT INTO project_skill (project_id, skill_id) VALUES (36, 6) ON CONFLICT DO NOTHING;
INSERT INTO project_skill (project_id, skill_id) VALUES (37, 7) ON CONFLICT DO NOTHING;
INSERT INTO project_skill (project_id, skill_id) VALUES (37, 78) ON CONFLICT DO NOTHING;
INSERT INTO project_skill (project_id, skill_id) VALUES (37, 100) ON CONFLICT DO NOTHING;
INSERT INTO project_skill (project_id, skill_id) VALUES (37, 107) ON CONFLICT DO NOTHING;
INSERT INTO project_skill (project_id, skill_id) VALUES (37, 2) ON CONFLICT DO NOTHING;
INSERT INTO project_skill (project_id, skill_id) VALUES (37, 57) ON CONFLICT DO NOTHING;
INSERT INTO project_skill (project_id, skill_id) VALUES (37, 6) ON CONFLICT DO NOTHING;
INSERT INTO project_skill (project_id, skill_id) VALUES (37, 88) ON CONFLICT DO NOTHING;
INSERT INTO project_skill (project_id, skill_id) VALUES (37, 11) ON CONFLICT DO NOTHING;
INSERT INTO project_skill (project_id, skill_id) VALUES (37, 6) ON CONFLICT DO NOTHING;
INSERT INTO project_skill (project_id, skill_id) VALUES (37, 1) ON CONFLICT DO NOTHING;
INSERT INTO project_skill (project_id, skill_id) VALUES (37, 42) ON CONFLICT DO NOTHING;
INSERT INTO project_skill (project_id, skill_id) VALUES (37, 43) ON CONFLICT DO NOTHING;
INSERT INTO project_skill (project_id, skill_id) VALUES (37, 47) ON CONFLICT DO NOTHING;
INSERT INTO project_skill (project_id, skill_id) VALUES (37, 13) ON CONFLICT DO NOTHING;
INSERT INTO project_skill (project_id, skill_id) VALUES (37, 10) ON CONFLICT DO NOTHING;
INSERT INTO project_skill (project_id, skill_id) VALUES (38, 4) ON CONFLICT DO NOTHING;
INSERT INTO project_skill (project_id, skill_id) VALUES (38, 64) ON CONFLICT DO NOTHING;
INSERT INTO project_skill (project_id, skill_id) VALUES (38, 65) ON CONFLICT DO NOTHING;
INSERT INTO project_skill (project_id, skill_id) VALUES (38, 103) ON CONFLICT DO NOTHING;
INSERT INTO project_skill (project_id, skill_id) VALUES (38, 104) ON CONFLICT DO NOTHING;
INSERT INTO project_skill (project_id, skill_id) VALUES (38, 2) ON CONFLICT DO NOTHING;
INSERT INTO project_skill (project_id, skill_id) VALUES (38, 50) ON CONFLICT DO NOTHING;
INSERT INTO project_skill (project_id, skill_id) VALUES (38, 115) ON CONFLICT DO NOTHING;
INSERT INTO project_skill (project_id, skill_id) VALUES (38, 60) ON CONFLICT DO NOTHING;
INSERT INTO project_skill (project_id, skill_id) VALUES (38, 1) ON CONFLICT DO NOTHING;
INSERT INTO project_skill (project_id, skill_id) VALUES (38, 42) ON CONFLICT DO NOTHING;
INSERT INTO project_skill (project_id, skill_id) VALUES (38, 43) ON CONFLICT DO NOTHING;
INSERT INTO project_skill (project_id, skill_id) VALUES (38, 47) ON CONFLICT DO NOTHING;
INSERT INTO project_skill (project_id, skill_id) VALUES (38, 112) ON CONFLICT DO NOTHING;
INSERT INTO project_skill (project_id, skill_id) VALUES (39, 7) ON CONFLICT DO NOTHING;
INSERT INTO project_skill (project_id, skill_id) VALUES (39, 77) ON CONFLICT DO NOTHING;
INSERT INTO project_skill (project_id, skill_id) VALUES (39, 44) ON CONFLICT DO NOTHING;
INSERT INTO project_skill (project_id, skill_id) VALUES (39, 103) ON CONFLICT DO NOTHING;
INSERT INTO project_skill (project_id, skill_id) VALUES (39, 28) ON CONFLICT DO NOTHING;
INSERT INTO project_skill (project_id, skill_id) VALUES (39, 108) ON CONFLICT DO NOTHING;
INSERT INTO project_skill (project_id, skill_id) VALUES (39, 5) ON CONFLICT DO NOTHING;
INSERT INTO project_skill (project_id, skill_id) VALUES (39, 60) ON CONFLICT DO NOTHING;
INSERT INTO project_skill (project_id, skill_id) VALUES (39, 1) ON CONFLICT DO NOTHING;
INSERT INTO project_skill (project_id, skill_id) VALUES (39, 42) ON CONFLICT DO NOTHING;
INSERT INTO project_skill (project_id, skill_id) VALUES (39, 43) ON CONFLICT DO NOTHING;
INSERT INTO project_skill (project_id, skill_id) VALUES (39, 47) ON CONFLICT DO NOTHING;
INSERT INTO project_skill (project_id, skill_id) VALUES (39, 18) ON CONFLICT DO NOTHING;
INSERT INTO project_skill (project_id, skill_id) VALUES (39, 113) ON CONFLICT DO NOTHING;
INSERT INTO project_skill (project_id, skill_id) VALUES (39, 108) ON CONFLICT DO NOTHING;
INSERT INTO project_skill (project_id, skill_id) VALUES (40, 4) ON CONFLICT DO NOTHING;
INSERT INTO project_skill (project_id, skill_id) VALUES (40, 65) ON CONFLICT DO NOTHING;
INSERT INTO project_skill (project_id, skill_id) VALUES (40, 2) ON CONFLICT DO NOTHING;
INSERT INTO project_skill (project_id, skill_id) VALUES (40, 57) ON CONFLICT DO NOTHING;
INSERT INTO project_skill (project_id, skill_id) VALUES (40, 31) ON CONFLICT DO NOTHING;
INSERT INTO project_skill (project_id, skill_id) VALUES (40, 15) ON CONFLICT DO NOTHING;
INSERT INTO project_skill (project_id, skill_id) VALUES (40, 1) ON CONFLICT DO NOTHING;
INSERT INTO project_skill (project_id, skill_id) VALUES (40, 42) ON CONFLICT DO NOTHING;
INSERT INTO project_skill (project_id, skill_id) VALUES (40, 43) ON CONFLICT DO NOTHING;
INSERT INTO project_skill (project_id, skill_id) VALUES (40, 47) ON CONFLICT DO NOTHING;
INSERT INTO project_skill (project_id, skill_id) VALUES (40, 20) ON CONFLICT DO NOTHING;
INSERT INTO project_skill (project_id, skill_id) VALUES (40, 80) ON CONFLICT DO NOTHING;
INSERT INTO project_skill (project_id, skill_id) VALUES (40, 12) ON CONFLICT DO NOTHING;
INSERT INTO project_skill (project_id, skill_id) VALUES (41, 4) ON CONFLICT DO NOTHING;
INSERT INTO project_skill (project_id, skill_id) VALUES (41, 65) ON CONFLICT DO NOTHING;
INSERT INTO project_skill (project_id, skill_id) VALUES (41, 97) ON CONFLICT DO NOTHING;
INSERT INTO project_skill (project_id, skill_id) VALUES (41, 27) ON CONFLICT DO NOTHING;
INSERT INTO project_skill (project_id, skill_id) VALUES (41, 29) ON CONFLICT DO NOTHING;
INSERT INTO project_skill (project_id, skill_id) VALUES (41, 2) ON CONFLICT DO NOTHING;
INSERT INTO project_skill (project_id, skill_id) VALUES (41, 10) ON CONFLICT DO NOTHING;
INSERT INTO project_skill (project_id, skill_id) VALUES (41, 14) ON CONFLICT DO NOTHING;
INSERT INTO project_skill (project_id, skill_id) VALUES (41, 5) ON CONFLICT DO NOTHING;
INSERT INTO project_skill (project_id, skill_id) VALUES (41, 1) ON CONFLICT DO NOTHING;
INSERT INTO project_skill (project_id, skill_id) VALUES (41, 42) ON CONFLICT DO NOTHING;
INSERT INTO project_skill (project_id, skill_id) VALUES (41, 43) ON CONFLICT DO NOTHING;
INSERT INTO project_skill (project_id, skill_id) VALUES (41, 47) ON CONFLICT DO NOTHING;
INSERT INTO project_skill (project_id, skill_id) VALUES (41, 18) ON CONFLICT DO NOTHING;
INSERT INTO project_skill (project_id, skill_id) VALUES (41, 17) ON CONFLICT DO NOTHING;
INSERT INTO project_skill (project_id, skill_id) VALUES (41, 11) ON CONFLICT DO NOTHING;
INSERT INTO project_skill (project_id, skill_id) VALUES (42, 7) ON CONFLICT DO NOTHING;
INSERT INTO project_skill (project_id, skill_id) VALUES (42, 77) ON CONFLICT DO NOTHING;
INSERT INTO project_skill (project_id, skill_id) VALUES (42, 78) ON CONFLICT DO NOTHING;
INSERT INTO project_skill (project_id, skill_id) VALUES (42, 73) ON CONFLICT DO NOTHING;
INSERT INTO project_skill (project_id, skill_id) VALUES (42, 36) ON CONFLICT DO NOTHING;
INSERT INTO project_skill (project_id, skill_id) VALUES (42, 1) ON CONFLICT DO NOTHING;
INSERT INTO project_skill (project_id, skill_id) VALUES (42, 42) ON CONFLICT DO NOTHING;
INSERT INTO project_skill (project_id, skill_id) VALUES (42, 43) ON CONFLICT DO NOTHING;
INSERT INTO project_skill (project_id, skill_id) VALUES (42, 47) ON CONFLICT DO NOTHING;
INSERT INTO project_skill (project_id, skill_id) VALUES (42, 128) ON CONFLICT DO NOTHING;
INSERT INTO project_skill (project_id, skill_id) VALUES (43, 1) ON CONFLICT DO NOTHING;
INSERT INTO project_skill (project_id, skill_id) VALUES (43, 41) ON CONFLICT DO NOTHING;
INSERT INTO project_skill (project_id, skill_id) VALUES (43, 39) ON CONFLICT DO NOTHING;
INSERT INTO project_skill (project_id, skill_id) VALUES (43, 2) ON CONFLICT DO NOTHING;
INSERT INTO project_skill (project_id, skill_id) VALUES (43, 30) ON CONFLICT DO NOTHING;
INSERT INTO project_skill (project_id, skill_id) VALUES (43, 114) ON CONFLICT DO NOTHING;
INSERT INTO project_skill (project_id, skill_id) VALUES (43, 56) ON CONFLICT DO NOTHING;
INSERT INTO project_skill (project_id, skill_id) VALUES (43, 31) ON CONFLICT DO NOTHING;
INSERT INTO project_skill (project_id, skill_id) VALUES (43, 73) ON CONFLICT DO NOTHING;
INSERT INTO project_skill (project_id, skill_id) VALUES (43, 1) ON CONFLICT DO NOTHING;
INSERT INTO project_skill (project_id, skill_id) VALUES (43, 42) ON CONFLICT DO NOTHING;
INSERT INTO project_skill (project_id, skill_id) VALUES (43, 43) ON CONFLICT DO NOTHING;
INSERT INTO project_skill (project_id, skill_id) VALUES (43, 47) ON CONFLICT DO NOTHING;
INSERT INTO project_skill (project_id, skill_id) VALUES (43, 113) ON CONFLICT DO NOTHING;
INSERT INTO project_skill (project_id, skill_id) VALUES (43, 46) ON CONFLICT DO NOTHING;
INSERT INTO project_skill (project_id, skill_id) VALUES (44, 1) ON CONFLICT DO NOTHING;
INSERT INTO project_skill (project_id, skill_id) VALUES (44, 39) ON CONFLICT DO NOTHING;
INSERT INTO project_skill (project_id, skill_id) VALUES (44, 121) ON CONFLICT DO NOTHING;
INSERT INTO project_skill (project_id, skill_id) VALUES (44, 14) ON CONFLICT DO NOTHING;
INSERT INTO project_skill (project_id, skill_id) VALUES (44, 2) ON CONFLICT DO NOTHING;
INSERT INTO project_skill (project_id, skill_id) VALUES (44, 14) ON CONFLICT DO NOTHING;
INSERT INTO project_skill (project_id, skill_id) VALUES (44, 91) ON CONFLICT DO NOTHING;
INSERT INTO project_skill (project_id, skill_id) VALUES (44, 14) ON CONFLICT DO NOTHING;
INSERT INTO project_skill (project_id, skill_id) VALUES (44, 1) ON CONFLICT DO NOTHING;
INSERT INTO project_skill (project_id, skill_id) VALUES (44, 42) ON CONFLICT DO NOTHING;
INSERT INTO project_skill (project_id, skill_id) VALUES (44, 43) ON CONFLICT DO NOTHING;
INSERT INTO project_skill (project_id, skill_id) VALUES (44, 47) ON CONFLICT DO NOTHING;
INSERT INTO project_skill (project_id, skill_id) VALUES (44, 113) ON CONFLICT DO NOTHING;
INSERT INTO project_skill (project_id, skill_id) VALUES (44, 14) ON CONFLICT DO NOTHING;
INSERT INTO project_skill (project_id, skill_id) VALUES (45, 1) ON CONFLICT DO NOTHING;
INSERT INTO project_skill (project_id, skill_id) VALUES (45, 48) ON CONFLICT DO NOTHING;
INSERT INTO project_skill (project_id, skill_id) VALUES (45, 120) ON CONFLICT DO NOTHING;
INSERT INTO project_skill (project_id, skill_id) VALUES (45, 61) ON CONFLICT DO NOTHING;
INSERT INTO project_skill (project_id, skill_id) VALUES (45, 16) ON CONFLICT DO NOTHING;
INSERT INTO project_skill (project_id, skill_id) VALUES (45, 2) ON CONFLICT DO NOTHING;
INSERT INTO project_skill (project_id, skill_id) VALUES (45, 114) ON CONFLICT DO NOTHING;
INSERT INTO project_skill (project_id, skill_id) VALUES (45, 1) ON CONFLICT DO NOTHING;
INSERT INTO project_skill (project_id, skill_id) VALUES (45, 42) ON CONFLICT DO NOTHING;
INSERT INTO project_skill (project_id, skill_id) VALUES (45, 43) ON CONFLICT DO NOTHING;
INSERT INTO project_skill (project_id, skill_id) VALUES (45, 47) ON CONFLICT DO NOTHING;
INSERT INTO project_skill (project_id, skill_id) VALUES (45, 101) ON CONFLICT DO NOTHING;
INSERT INTO project_skill (project_id, skill_id) VALUES (45, 61) ON CONFLICT DO NOTHING;
INSERT INTO project_skill (project_id, skill_id) VALUES (45, 4) ON CONFLICT DO NOTHING;
INSERT INTO project_skill (project_id, skill_id) VALUES (46, 3) ON CONFLICT DO NOTHING;
INSERT INTO project_skill (project_id, skill_id) VALUES (46, 53) ON CONFLICT DO NOTHING;
INSERT INTO project_skill (project_id, skill_id) VALUES (46, 20) ON CONFLICT DO NOTHING;
INSERT INTO project_skill (project_id, skill_id) VALUES (46, 38) ON CONFLICT DO NOTHING;
INSERT INTO project_skill (project_id, skill_id) VALUES (46, 2) ON CONFLICT DO NOTHING;
INSERT INTO project_skill (project_id, skill_id) VALUES (46, 116) ON CONFLICT DO NOTHING;
INSERT INTO project_skill (project_id, skill_id) VALUES (46, 108) ON CONFLICT DO NOTHING;
INSERT INTO project_skill (project_id, skill_id) VALUES (46, 70) ON CONFLICT DO NOTHING;
INSERT INTO project_skill (project_id, skill_id) VALUES (46, 76) ON CONFLICT DO NOTHING;
INSERT INTO project_skill (project_id, skill_id) VALUES (46, 1) ON CONFLICT DO NOTHING;
INSERT INTO project_skill (project_id, skill_id) VALUES (46, 42) ON CONFLICT DO NOTHING;
INSERT INTO project_skill (project_id, skill_id) VALUES (46, 43) ON CONFLICT DO NOTHING;
INSERT INTO project_skill (project_id, skill_id) VALUES (46, 47) ON CONFLICT DO NOTHING;
INSERT INTO project_skill (project_id, skill_id) VALUES (46, 23) ON CONFLICT DO NOTHING;
INSERT INTO project_skill (project_id, skill_id) VALUES (46, 84) ON CONFLICT DO NOTHING;
INSERT INTO project_skill (project_id, skill_id) VALUES (46, 12) ON CONFLICT DO NOTHING;
INSERT INTO project_skill (project_id, skill_id) VALUES (47, 1) ON CONFLICT DO NOTHING;
INSERT INTO project_skill (project_id, skill_id) VALUES (47, 48) ON CONFLICT DO NOTHING;
INSERT INTO project_skill (project_id, skill_id) VALUES (47, 39) ON CONFLICT DO NOTHING;
INSERT INTO project_skill (project_id, skill_id) VALUES (47, 62) ON CONFLICT DO NOTHING;
INSERT INTO project_skill (project_id, skill_id) VALUES (47, 22) ON CONFLICT DO NOTHING;
INSERT INTO project_skill (project_id, skill_id) VALUES (47, 2) ON CONFLICT DO NOTHING;
INSERT INTO project_skill (project_id, skill_id) VALUES (47, 90) ON CONFLICT DO NOTHING;
INSERT INTO project_skill (project_id, skill_id) VALUES (47, 75) ON CONFLICT DO NOTHING;
INSERT INTO project_skill (project_id, skill_id) VALUES (47, 56) ON CONFLICT DO NOTHING;
INSERT INTO project_skill (project_id, skill_id) VALUES (47, 1) ON CONFLICT DO NOTHING;
INSERT INTO project_skill (project_id, skill_id) VALUES (47, 42) ON CONFLICT DO NOTHING;
INSERT INTO project_skill (project_id, skill_id) VALUES (47, 43) ON CONFLICT DO NOTHING;
INSERT INTO project_skill (project_id, skill_id) VALUES (47, 47) ON CONFLICT DO NOTHING;
INSERT INTO project_skill (project_id, skill_id) VALUES (47, 128) ON CONFLICT DO NOTHING;
INSERT INTO project_skill (project_id, skill_id) VALUES (47, 52) ON CONFLICT DO NOTHING;
INSERT INTO project_skill (project_id, skill_id) VALUES (48, 7) ON CONFLICT DO NOTHING;
INSERT INTO project_skill (project_id, skill_id) VALUES (48, 78) ON CONFLICT DO NOTHING;
INSERT INTO project_skill (project_id, skill_id) VALUES (48, 79) ON CONFLICT DO NOTHING;
INSERT INTO project_skill (project_id, skill_id) VALUES (48, 97) ON CONFLICT DO NOTHING;
INSERT INTO project_skill (project_id, skill_id) VALUES (48, 99) ON CONFLICT DO NOTHING;
INSERT INTO project_skill (project_id, skill_id) VALUES (48, 62) ON CONFLICT DO NOTHING;
INSERT INTO project_skill (project_id, skill_id) VALUES (48, 2) ON CONFLICT DO NOTHING;
INSERT INTO project_skill (project_id, skill_id) VALUES (48, 57) ON CONFLICT DO NOTHING;
INSERT INTO project_skill (project_id, skill_id) VALUES (48, 91) ON CONFLICT DO NOTHING;
INSERT INTO project_skill (project_id, skill_id) VALUES (48, 1) ON CONFLICT DO NOTHING;
INSERT INTO project_skill (project_id, skill_id) VALUES (48, 42) ON CONFLICT DO NOTHING;
INSERT INTO project_skill (project_id, skill_id) VALUES (48, 43) ON CONFLICT DO NOTHING;
INSERT INTO project_skill (project_id, skill_id) VALUES (48, 47) ON CONFLICT DO NOTHING;
INSERT INTO project_skill (project_id, skill_id) VALUES (48, 13) ON CONFLICT DO NOTHING;
INSERT INTO project_skill (project_id, skill_id) VALUES (48, 117) ON CONFLICT DO NOTHING;
INSERT INTO project_skill (project_id, skill_id) VALUES (48, 91) ON CONFLICT DO NOTHING;
INSERT INTO project_skill (project_id, skill_id) VALUES (49, 7) ON CONFLICT DO NOTHING;
INSERT INTO project_skill (project_id, skill_id) VALUES (49, 76) ON CONFLICT DO NOTHING;
INSERT INTO project_skill (project_id, skill_id) VALUES (49, 83) ON CONFLICT DO NOTHING;
INSERT INTO project_skill (project_id, skill_id) VALUES (49, 14) ON CONFLICT DO NOTHING;
INSERT INTO project_skill (project_id, skill_id) VALUES (49, 18) ON CONFLICT DO NOTHING;
INSERT INTO project_skill (project_id, skill_id) VALUES (49, 34) ON CONFLICT DO NOTHING;
INSERT INTO project_skill (project_id, skill_id) VALUES (49, 12) ON CONFLICT DO NOTHING;
INSERT INTO project_skill (project_id, skill_id) VALUES (49, 2) ON CONFLICT DO NOTHING;
INSERT INTO project_skill (project_id, skill_id) VALUES (49, 14) ON CONFLICT DO NOTHING;
INSERT INTO project_skill (project_id, skill_id) VALUES (49, 18) ON CONFLICT DO NOTHING;
INSERT INTO project_skill (project_id, skill_id) VALUES (49, 1) ON CONFLICT DO NOTHING;
INSERT INTO project_skill (project_id, skill_id) VALUES (49, 42) ON CONFLICT DO NOTHING;
INSERT INTO project_skill (project_id, skill_id) VALUES (49, 43) ON CONFLICT DO NOTHING;
INSERT INTO project_skill (project_id, skill_id) VALUES (49, 47) ON CONFLICT DO NOTHING;
INSERT INTO project_skill (project_id, skill_id) VALUES (49, 35) ON CONFLICT DO NOTHING;
INSERT INTO project_skill (project_id, skill_id) VALUES (49, 18) ON CONFLICT DO NOTHING;
INSERT INTO project_skill (project_id, skill_id) VALUES (49, 107) ON CONFLICT DO NOTHING;
INSERT INTO project_skill (project_id, skill_id) VALUES (49, 70) ON CONFLICT DO NOTHING;
INSERT INTO project_skill (project_id, skill_id) VALUES (49, 58) ON CONFLICT DO NOTHING;
INSERT INTO project_skill (project_id, skill_id) VALUES (50, 7) ON CONFLICT DO NOTHING;
INSERT INTO project_skill (project_id, skill_id) VALUES (50, 76) ON CONFLICT DO NOTHING;
INSERT INTO project_skill (project_id, skill_id) VALUES (50, 83) ON CONFLICT DO NOTHING;
INSERT INTO project_skill (project_id, skill_id) VALUES (50, 14) ON CONFLICT DO NOTHING;
INSERT INTO project_skill (project_id, skill_id) VALUES (50, 18) ON CONFLICT DO NOTHING;
INSERT INTO project_skill (project_id, skill_id) VALUES (50, 34) ON CONFLICT DO NOTHING;
INSERT INTO project_skill (project_id, skill_id) VALUES (50, 12) ON CONFLICT DO NOTHING;
INSERT INTO project_skill (project_id, skill_id) VALUES (50, 2) ON CONFLICT DO NOTHING;
INSERT INTO project_skill (project_id, skill_id) VALUES (50, 14) ON CONFLICT DO NOTHING;
INSERT INTO project_skill (project_id, skill_id) VALUES (50, 18) ON CONFLICT DO NOTHING;
INSERT INTO project_skill (project_id, skill_id) VALUES (50, 1) ON CONFLICT DO NOTHING;
INSERT INTO project_skill (project_id, skill_id) VALUES (50, 42) ON CONFLICT DO NOTHING;
INSERT INTO project_skill (project_id, skill_id) VALUES (50, 43) ON CONFLICT DO NOTHING;
INSERT INTO project_skill (project_id, skill_id) VALUES (50, 47) ON CONFLICT DO NOTHING;
INSERT INTO project_skill (project_id, skill_id) VALUES (50, 35) ON CONFLICT DO NOTHING;
INSERT INTO project_skill (project_id, skill_id) VALUES (50, 18) ON CONFLICT DO NOTHING;
INSERT INTO project_skill (project_id, skill_id) VALUES (50, 107) ON CONFLICT DO NOTHING;
INSERT INTO project_skill (project_id, skill_id) VALUES (50, 70) ON CONFLICT DO NOTHING;
INSERT INTO project_skill (project_id, skill_id) VALUES (50, 58) ON CONFLICT DO NOTHING;